[{"model": "auth.user", "fields": {"password": "pbkdf2_sha256$1000000$hIyPgzR4nU1aLjanvfqBJz$JNcDRl30ahbt5trJeddW1lZqzv17Pai2n4qJiKzwO38=", "last_login": "2026-04-28T22:50:46.725Z", "is_superuser": true, "username": "Paul", "first_name": "", "last_name": "", "email": "pauljnsr@gmail.com", "is_staff": true, "is_active": true, "date_joined": "2026-03-10T00:27:34.357Z", "groups": [], "user_permissions": []}}, {"model": "auth.user", "fields": {"password": "pbkdf2_sha256$1000000$xfbSzg3V1yp47ZbZhXtsw6$/ZjSD0jYULrUR+Imk6TEBhTVqWQ86R77akqMYgKSI0k=", "last_login": "2026-04-27T03:49:37.686Z", "is_superuser": false, "username": "Stagiaire", "first_name": "", "last_name": "", "email": "", "is_staff": false, "is_active": true, "date_joined": "2026-03-10T03:52:28.919Z", "groups": [], "user_permissions": []}}, {"model": "auth.user", "fields": {"password": "pbkdf2_sha256$1000000$LGPwDITYFbJDeox1iqdEK6$0XaPLq7bjFfg6lg/+lkePFKk+JbYD9pWAUaoHve63es=", "last_login": "2026-04-25T19:12:37.441Z", "is_superuser": false, "username": "jude", "first_name": "", "last_name": "", "email": "", "is_staff": false, "is_active": true, "date_joined": "2026-03-10T04:03:50.309Z", "groups": [], "user_permissions": []}}, {"model": "auth.user", "fields": {"password": "pbkdf2_sha256$1000000$66HsoOKnMg8fhL6lgrqjZ6$ajkhWlsVu2LaDVQMqsTv/2IR+vi9bIQKz87POuzHetE=", "last_login": "2026-04-27T05:07:51.719Z", "is_superuser": false, "username": "fefd", "first_name": "", "last_name": "", "email": "", "is_staff": false, "is_active": true, "date_joined": "2026-03-10T06:18:05.324Z", "groups": [], "user_permissions": []}}, {"model": "auth.user", "fields": {"password": "pbkdf2_sha256$1000000$3sUduwK436pSV8xTu1YeC5$OT9Qj7wqIfez6EEAL5EorRYXHKLCZGpKSN2ItwRiB+M=", "last_login": "2026-03-10T16:44:38.980Z", "is_superuser": false, "username": "eere", "first_name": "", "last_name": "", "email": "", "is_staff": false, "is_active": true, "date_joined": "2026-03-10T08:43:27.061Z", "groups": [], "user_permissions": []}}, {"model": "auth.user", "fields": {"password": "pbkdf2_sha256$1000000$WXHdxabnxv9sbxc14JChT8$KxXdv0uYqDnGT27y+lZ5jdB5WrPNQAUP545kHdC2Uj4=", "last_login": "2026-03-11T18:07:40.581Z", "is_superuser": false, "username": "papa", "first_name": "", "last_name": "", "email": "", "is_staff": false, "is_active": true, "date_joined": "2026-03-10T16:45:40.436Z", "groups": [], "user_permissions": []}}, {"model": "auth.user", "fields": {"password": "pbkdf2_sha256$1000000$JxABUblAhMBkWu4hxOlvlK$9v7zuT7M7FU9ca4McNPYQG4fz8Webaei7BlpbithsPs=", "last_login": "2026-04-27T04:28:40.235Z", "is_superuser": false, "username": "jean", "first_name": "", "last_name": "", "email": "", "is_staff": false, "is_active": true, "date_joined": "2026-03-14T15:43:56.154Z", "groups": [], "user_permissions": []}}, {"model": "auth.user", "fields": {"password": "pbkdf2_sha256$1000000$4lY0T3CycRIUqXlHz0FnQb$1uowX0tFXWIg9wkJgLHIb6lzLHo1bixDUeHqbSfFbog=", "last_login": "2026-04-25T18:50:05.993Z", "is_superuser": false, "username": "Pierre", "first_name": "", "last_name": "", "email": "paul@gmail.com", "is_staff": false, "is_active": true, "date_joined": "2026-04-25T18:50:01.316Z", "groups": [], "user_permissions": []}}, {"model": "Quizapp.etudiant", "pk": 1, "fields": {"user": ["jude"], "nom_complet": "pali paul", "serie": "SVT", "option": "Humaines", "entite": "EDJ", "score_total": 0, "niveau_actuel": 1, "photo": "", "date_inscription": "2026-03-10T04:03:50.572Z"}}, {"model": "Quizapp.etudiant", "pk": 2, "fields": {"user": ["fefd"], "nom_complet": "pali paulss", "serie": "SVT", "option": "Education", "entite": "EDH", "score_total": 50, "niveau_actuel": 4, "photo": "photos_etudiants/default.png", "date_inscription": "2026-03-10T06:18:05.583Z"}}, {"model": "Quizapp.etudiant", "pk": 3, "fields": {"user": ["eere"], "nom_complet": "pali paulrer", "serie": "MP", "option": "Genie", "entite": "FMP", "score_total": 0, "niveau_actuel": 1, "photo": "photos_etudiants/default.png", "date_inscription": "2026-03-10T08:43:27.302Z"}}, {"model": "Quizapp.etudiant", "pk": 4, "fields": {"user": ["papa"], "nom_complet": "papa papo", "serie": "SVT", "option": "Humaines", "entite": "CHCL", "score_total": 0, "niveau_actuel": 1, "photo": "photos_etudiants/default.png", "date_inscription": "2026-03-10T16:45:40.702Z"}}, {"model": "Quizapp.etudiant", "pk": 5, "fields": {"user": ["Paul"], "nom_complet": "", "serie": "", "option": "", "entite": "", "score_total": 41, "niveau_actuel": 3, "photo": "photos_etudiants/default.png", "date_inscription": "2026-03-11T22:48:57.135Z"}}, {"model": "Quizapp.etudiant", "pk": 6, "fields": {"user": ["Stagiaire"], "nom_complet": "", "serie": "", "option": "", "entite": "", "score_total": 27, "niveau_actuel": 3, "photo": "photos_etudiants/default.png", "date_inscription": "2026-03-11T22:49:48.787Z"}}, {"model": "Quizapp.etudiant", "pk": 7, "fields": {"user": ["jean"], "nom_complet": "jean pierre", "serie": "LLA", "option": "Humaines", "entite": "FASCH", "score_total": 76, "niveau_actuel": 5, "photo": "photos_etudiants/default.png", "date_inscription": "2026-03-14T15:43:56.409Z"}}, {"model": "Quizapp.etudiant", "pk": 8, "fields": {"user": ["Pierre"], "nom_complet": "paul Jude", "serie": "SVT", "option": "Genie", "entite": "IERAH", "score_total": 0, "niveau_actuel": 1, "photo": "photos_etudiants/default.png", "date_inscription": "2026-04-25T18:50:01.573Z"}}, {"model": "Quizapp.matiere", "pk": 10, "fields": {"nom": "Mathématiques"}}, {"model": "Quizapp.matiere", "pk": 11, "fields": {"nom": "Physique"}}, {"model": "Quizapp.matiere", "pk": 12, "fields": {"nom": "Chimie"}}, {"model": "Quizapp.matiere", "pk": 13, "fields": {"nom": "SVT"}}, {"model": "Quizapp.matiere", "pk": 14, "fields": {"nom": "Français"}}, {"model": "Quizapp.matiere", "pk": 15, "fields": {"nom": "Culture générale"}}, {"model": "Quizapp.matiere", "pk": 16, "fields": {"nom": "Philosophie"}}, {"model": "Quizapp.question", "pk": 52, "fields": {"matiere": 10, "texte": "Quelle est la valeur de π (pi) arrondie à 2 décimales ?", "type_question": "QCM", "difficulte": 1, "niveau_requis": 1, "choix_a": "3.12", "choix_b": "3.14", "choix_c": "3.16", "choix_d": "3.18", "reponse_correcte": "B", "reponse_vf": null, "reponse_ouverte": null}}, {"model": "Quizapp.question", "pk": 53, "fields": {"matiere": 10, "texte": "Combien vaut 2⁸ ?", "type_question": "QCM", "difficulte": 1, "niveau_requis": 1, "choix_a": "128", "choix_b": "256", "choix_c": "512", "choix_d": "64", "reponse_correcte": "B", "reponse_vf": null, "reponse_ouverte": null}}, {"model": "Quizapp.question", "pk": 54, "fields": {"matiere": 10, "texte": "Quel est le résultat de (3 + 5) × 2 − 4 ?", "type_question": "QCM", "difficulte": 1, "niveau_requis": 1, "choix_a": "8", "choix_b": "12", "choix_c": "16", "choix_d": "20", "reponse_correcte": "B", "reponse_vf": null, "reponse_ouverte": null}}, {"model": "Quizapp.question", "pk": 55, "fields": {"matiere": 10, "texte": "La somme des angles d'un triangle est :", "type_question": "QCM", "difficulte": 1, "niveau_requis": 1, "choix_a": "90°", "choix_b": "180°", "choix_c": "270°", "choix_d": "360°", "reponse_correcte": "B", "reponse_vf": null, "reponse_ouverte": null}}, {"model": "Quizapp.question", "pk": 56, "fields": {"matiere": 10, "texte": "Quelle est la racine carrée de 144 ?", "type_question": "QCM", "difficulte": 1, "niveau_requis": 1, "choix_a": "10", "choix_b": "11", "choix_c": "12", "choix_d": "13", "reponse_correcte": "C", "reponse_vf": null, "reponse_ouverte": null}}, {"model": "Quizapp.question", "pk": 57, "fields": {"matiere": 10, "texte": "Le nombre 0 est un entier naturel.", "type_question": "VF", "difficulte": 2, "niveau_requis": 2, "choix_a": null, "choix_b": null, "choix_c": null, "choix_d": null, "reponse_correcte": null, "reponse_vf": true, "reponse_ouverte": null}}, {"model": "Quizapp.question", "pk": 58, "fields": {"matiere": 10, "texte": "Un carré est un cas particulier de rectangle.", "type_question": "VF", "difficulte": 2, "niveau_requis": 2, "choix_a": null, "choix_b": null, "choix_c": null, "choix_d": null, "reponse_correcte": null, "reponse_vf": true, "reponse_ouverte": null}}, {"model": "Quizapp.question", "pk": 59, "fields": {"matiere": 10, "texte": "√2 est un nombre rationnel.", "type_question": "VF", "difficulte": 2, "niveau_requis": 2, "choix_a": null, "choix_b": null, "choix_c": null, "choix_d": null, "reponse_correcte": null, "reponse_vf": false, "reponse_ouverte": null}}, {"model": "Quizapp.question", "pk": 60, "fields": {"matiere": 10, "texte": "Tout nombre pair est divisible par 4.", "type_question": "VF", "difficulte": 2, "niveau_requis": 2, "choix_a": null, "choix_b": null, "choix_c": null, "choix_d": null, "reponse_correcte": null, "reponse_vf": false, "reponse_ouverte": null}}, {"model": "Quizapp.question", "pk": 61, "fields": {"matiere": 10, "texte": "Combien font 15 % de 200 ?", "type_question": "OUV", "difficulte": 3, "niveau_requis": 3, "choix_a": null, "choix_b": null, "choix_c": null, "choix_d": null, "reponse_correcte": null, "reponse_vf": null, "reponse_ouverte": "30"}}, {"model": "Quizapp.question", "pk": 62, "fields": {"matiere": 10, "texte": "Quel est le PGCD de 12 et 18 ?", "type_question": "OUV", "difficulte": 3, "niveau_requis": 3, "choix_a": null, "choix_b": null, "choix_c": null, "choix_d": null, "reponse_correcte": null, "reponse_vf": null, "reponse_ouverte": "6"}}, {"model": "Quizapp.question", "pk": 63, "fields": {"matiere": 11, "texte": "Quelle est la vitesse de la lumière dans le vide ?", "type_question": "QCM", "difficulte": 1, "niveau_requis": 1, "choix_a": "300 000 km/s", "choix_b": "150 000 km/s", "choix_c": "3 000 km/s", "choix_d": "30 000 km/s", "reponse_correcte": "A", "reponse_vf": null, "reponse_ouverte": null}}, {"model": "Quizapp.question", "pk": 64, "fields": {"matiere": 11, "texte": "L'unité de la force dans le SI est :", "type_question": "QCM", "difficulte": 1, "niveau_requis": 1, "choix_a": "Joule", "choix_b": "Watt", "choix_c": "Newton", "choix_d": "Pascal", "reponse_correcte": "C", "reponse_vf": null, "reponse_ouverte": null}}, {"model": "Quizapp.question", "pk": 65, "fields": {"matiere": 11, "texte": "La formule de l'énergie cinétique est :", "type_question": "QCM", "difficulte": 1, "niveau_requis": 1, "choix_a": "E = mc²", "choix_b": "Ec = ½mv²", "choix_c": "P = mv", "choix_d": "W = Fd", "reponse_correcte": "B", "reponse_vf": null, "reponse_ouverte": null}}, {"model": "Quizapp.question", "pk": 66, "fields": {"matiere": 11, "texte": "Quelle loi relie tension, intensité et résistance ?", "type_question": "QCM", "difficulte": 1, "niveau_requis": 1, "choix_a": "Loi de Faraday", "choix_b": "Loi d'Ohm", "choix_c": "Loi de Joule", "choix_d": "Loi de Coulomb", "reponse_correcte": "B", "reponse_vf": null, "reponse_ouverte": null}}, {"model": "Quizapp.question", "pk": 67, "fields": {"matiere": 11, "texte": "Le son se propage plus vite dans l'air que dans l'eau.", "type_question": "VF", "difficulte": 2, "niveau_requis": 2, "choix_a": null, "choix_b": null, "choix_c": null, "choix_d": null, "reponse_correcte": null, "reponse_vf": false, "reponse_ouverte": null}}, {"model": "Quizapp.question", "pk": 68, "fields": {"matiere": 11, "texte": "La masse et le poids sont deux grandeurs identiques.", "type_question": "VF", "difficulte": 2, "niveau_requis": 2, "choix_a": null, "choix_b": null, "choix_c": null, "choix_d": null, "reponse_correcte": null, "reponse_vf": false, "reponse_ouverte": null}}, {"model": "Quizapp.question", "pk": 69, "fields": {"matiere": 11, "texte": "L'intensité électrique s'exprime en Ampères.", "type_question": "VF", "difficulte": 2, "niveau_requis": 2, "choix_a": null, "choix_b": null, "choix_c": null, "choix_d": null, "reponse_correcte": null, "reponse_vf": true, "reponse_ouverte": null}}, {"model": "Quizapp.question", "pk": 70, "fields": {"matiere": 11, "texte": "Quelle est la formule de la vitesse (v) en fonction de la distance (d) et du temps (t) ?", "type_question": "OUV", "difficulte": 3, "niveau_requis": 3, "choix_a": null, "choix_b": null, "choix_c": null, "choix_d": null, "reponse_correcte": null, "reponse_vf": null, "reponse_ouverte": "v = d/t"}}, {"model": "Quizapp.question", "pk": 71, "fields": {"matiere": 12, "texte": "Quelle est la formule chimique de l'eau ?", "type_question": "QCM", "difficulte": 1, "niveau_requis": 1, "choix_a": "CO2", "choix_b": "H2O", "choix_c": "NaCl", "choix_d": "O2", "reponse_correcte": "B", "reponse_vf": null, "reponse_ouverte": null}}, {"model": "Quizapp.question", "pk": 72, "fields": {"matiere": 12, "texte": "Le tableau périodique est classé par ordre croissant de :", "type_question": "QCM", "difficulte": 1, "niveau_requis": 1, "choix_a": "Masse atomique", "choix_b": "Numéro atomique", "choix_c": "Électronégativité", "choix_d": "Valence", "reponse_correcte": "B", "reponse_vf": null, "reponse_ouverte": null}}, {"model": "Quizapp.question", "pk": 73, "fields": {"matiere": 12, "texte": "Quel gaz est produit lors de la photosynthèse ?", "type_question": "QCM", "difficulte": 1, "niveau_requis": 1, "choix_a": "CO2", "choix_b": "N2", "choix_c": "O2", "choix_d": "H2", "reponse_correcte": "C", "reponse_vf": null, "reponse_ouverte": null}}, {"model": "Quizapp.question", "pk": 74, "fields": {"matiere": 12, "texte": "Le pH d'une solution neutre est :", "type_question": "QCM", "difficulte": 1, "niveau_requis": 1, "choix_a": "0", "choix_b": "7", "choix_c": "14", "choix_d": "3", "reponse_correcte": "B", "reponse_vf": null, "reponse_ouverte": null}}, {"model": "Quizapp.question", "pk": 75, "fields": {"matiere": 12, "texte": "Le sel de cuisine est du chlorure de sodium (NaCl).", "type_question": "VF", "difficulte": 2, "niveau_requis": 2, "choix_a": null, "choix_b": null, "choix_c": null, "choix_d": null, "reponse_correcte": null, "reponse_vf": true, "reponse_ouverte": null}}, {"model": "Quizapp.question", "pk": 76, "fields": {"matiere": 12, "texte": "L'oxygène est un métal.", "type_question": "VF", "difficulte": 2, "niveau_requis": 2, "choix_a": null, "choix_b": null, "choix_c": null, "choix_d": null, "reponse_correcte": null, "reponse_vf": false, "reponse_ouverte": null}}, {"model": "Quizapp.question", "pk": 77, "fields": {"matiere": 12, "texte": "Une solution acide a un pH inférieur à 7.", "type_question": "VF", "difficulte": 2, "niveau_requis": 2, "choix_a": null, "choix_b": null, "choix_c": null, "choix_d": null, "reponse_correcte": null, "reponse_vf": true, "reponse_ouverte": null}}, {"model": "Quizapp.question", "pk": 78, "fields": {"matiere": 12, "texte": "Quel est le symbole chimique du fer ?", "type_question": "OUV", "difficulte": 3, "niveau_requis": 3, "choix_a": null, "choix_b": null, "choix_c": null, "choix_d": null, "reponse_correcte": null, "reponse_vf": null, "reponse_ouverte": "Fe"}}, {"model": "Quizapp.question", "pk": 79, "fields": {"matiere": 12, "texte": "Quel est le numéro atomique de l'hydrogène ?", "type_question": "OUV", "difficulte": 3, "niveau_requis": 3, "choix_a": null, "choix_b": null, "choix_c": null, "choix_d": null, "reponse_correcte": null, "reponse_vf": null, "reponse_ouverte": "1"}}, {"model": "Quizapp.question", "pk": 80, "fields": {"matiere": 13, "texte": "Quelle molécule porte l'information génétique ?", "type_question": "QCM", "difficulte": 1, "niveau_requis": 1, "choix_a": "ARN", "choix_b": "ATP", "choix_c": "ADN", "choix_d": "AMP", "reponse_correcte": "C", "reponse_vf": null, "reponse_ouverte": null}}, {"model": "Quizapp.question", "pk": 81, "fields": {"matiere": 13, "texte": "Combien de chromosomes possède une cellule humaine normale ?", "type_question": "QCM", "difficulte": 1, "niveau_requis": 1, "choix_a": "23", "choix_b": "46", "choix_c": "48", "choix_d": "44", "reponse_correcte": "B", "reponse_vf": null, "reponse_ouverte": null}}, {"model": "Quizapp.question", "pk": 82, "fields": {"matiere": 13, "texte": "Quel organite est le centre énergétique de la cellule ?", "type_question": "QCM", "difficulte": 1, "niveau_requis": 1, "choix_a": "Noyau", "choix_b": "Ribosome", "choix_c": "Mitochondrie", "choix_d": "Golgi", "reponse_correcte": "C", "reponse_vf": null, "reponse_ouverte": null}}, {"model": "Quizapp.question", "pk": 83, "fields": {"matiere": 13, "texte": "La photosynthèse se déroule dans :", "type_question": "QCM", "difficulte": 1, "niveau_requis": 1, "choix_a": "Les mitochondries", "choix_b": "Les chloroplastes", "choix_c": "Le noyau", "choix_d": "Le réticulum", "reponse_correcte": "B", "reponse_vf": null, "reponse_ouverte": null}}, {"model": "Quizapp.question", "pk": 84, "fields": {"matiere": 13, "texte": "Les virus sont des êtres vivants autonomes.", "type_question": "VF", "difficulte": 2, "niveau_requis": 2, "choix_a": null, "choix_b": null, "choix_c": null, "choix_d": null, "reponse_correcte": null, "reponse_vf": false, "reponse_ouverte": null}}, {"model": "Quizapp.question", "pk": 85, "fields": {"matiere": 13, "texte": "Les globules rouges transportent l'oxygène.", "type_question": "VF", "difficulte": 2, "niveau_requis": 2, "choix_a": null, "choix_b": null, "choix_c": null, "choix_d": null, "reponse_correcte": null, "reponse_vf": true, "reponse_ouverte": null}}, {"model": "Quizapp.question", "pk": 86, "fields": {"matiere": 13, "texte": "L'ADN est présent uniquement dans le noyau cellulaire.", "type_question": "VF", "difficulte": 2, "niveau_requis": 2, "choix_a": null, "choix_b": null, "choix_c": null, "choix_d": null, "reponse_correcte": null, "reponse_vf": false, "reponse_ouverte": null}}, {"model": "Quizapp.question", "pk": 87, "fields": {"matiere": 13, "texte": "Comment s'appelle la division cellulaire produisant deux cellules identiques ?", "type_question": "OUV", "difficulte": 3, "niveau_requis": 3, "choix_a": null, "choix_b": null, "choix_c": null, "choix_d": null, "reponse_correcte": null, "reponse_vf": null, "reponse_ouverte": "mitose"}}, {"model": "Quizapp.question", "pk": 88, "fields": {"matiere": 14, "texte": "Quel est le pluriel de 'bail' ?", "type_question": "QCM", "difficulte": 1, "niveau_requis": 1, "choix_a": "bails", "choix_b": "bailes", "choix_c": "baux", "choix_d": "bailx", "reponse_correcte": "C", "reponse_vf": null, "reponse_ouverte": null}}, {"model": "Quizapp.question", "pk": 89, "fields": {"matiere": 14, "texte": "Quelle figure de style est dans : 'Il est fort comme un lion' ?", "type_question": "QCM", "difficulte": 1, "niveau_requis": 1, "choix_a": "Métaphore", "choix_b": "Comparaison", "choix_c": "Hyperbole", "choix_d": "Métonymie", "reponse_correcte": "B", "reponse_vf": null, "reponse_ouverte": null}}, {"model": "Quizapp.question", "pk": 90, "fields": {"matiere": 14, "texte": "Lequel de ces mots est un adverbe ?", "type_question": "QCM", "difficulte": 1, "niveau_requis": 1, "choix_a": "Rapide", "choix_b": "Rapidement", "choix_c": "Rapidité", "choix_d": "Rapider", "reponse_correcte": "B", "reponse_vf": null, "reponse_ouverte": null}}, {"model": "Quizapp.question", "pk": 91, "fields": {"matiere": 14, "texte": "Un verbe du 2ème groupe fait -issons à la 1ère personne du pluriel.", "type_question": "VF", "difficulte": 2, "niveau_requis": 2, "choix_a": null, "choix_b": null, "choix_c": null, "choix_d": null, "reponse_correcte": null, "reponse_vf": true, "reponse_ouverte": null}}, {"model": "Quizapp.question", "pk": 92, "fields": {"matiere": 14, "texte": "L'imparfait exprime une action ponctuelle dans le passé.", "type_question": "VF", "difficulte": 2, "niveau_requis": 2, "choix_a": null, "choix_b": null, "choix_c": null, "choix_d": null, "reponse_correcte": null, "reponse_vf": false, "reponse_ouverte": null}}, {"model": "Quizapp.question", "pk": 93, "fields": {"matiere": 14, "texte": "Quel est l'auteur des Misérables ?", "type_question": "OUV", "difficulte": 3, "niveau_requis": 3, "choix_a": null, "choix_b": null, "choix_c": null, "choix_d": null, "reponse_correcte": null, "reponse_vf": null, "reponse_ouverte": "Victor Hugo"}}, {"model": "Quizapp.question", "pk": 94, "fields": {"matiere": 15, "texte": "Quelle est la capitale d'Haïti ?", "type_question": "QCM", "difficulte": 1, "niveau_requis": 1, "choix_a": "Cap-Haïtien", "choix_b": "Jacmel", "choix_c": "Port-au-Prince", "choix_d": "Les Cayes", "reponse_correcte": "C", "reponse_vf": null, "reponse_ouverte": null}}, {"model": "Quizapp.question", "pk": 95, "fields": {"matiere": 15, "texte": "En quelle année Haïti a-t-il proclamé son indépendance ?", "type_question": "QCM", "difficulte": 1, "niveau_requis": 1, "choix_a": "1791", "choix_b": "1804", "choix_c": "1820", "choix_d": "1915", "reponse_correcte": "B", "reponse_vf": null, "reponse_ouverte": null}}, {"model": "Quizapp.question", "pk": 96, "fields": {"matiere": 15, "texte": "Qui a peint la Joconde ?", "type_question": "QCM", "difficulte": 1, "niveau_requis": 1, "choix_a": "Michel-Ange", "choix_b": "Raphaël", "choix_c": "Léonard de Vinci", "choix_d": "Botticelli", "reponse_correcte": "C", "reponse_vf": null, "reponse_ouverte": null}}, {"model": "Quizapp.question", "pk": 97, "fields": {"matiere": 15, "texte": "Jean-Jacques Dessalines fut le premier chef d'État d'Haïti.", "type_question": "VF", "difficulte": 2, "niveau_requis": 2, "choix_a": null, "choix_b": null, "choix_c": null, "choix_d": null, "reponse_correcte": null, "reponse_vf": true, "reponse_ouverte": null}}, {"model": "Quizapp.question", "pk": 98, "fields": {"matiere": 15, "texte": "Le mont Everest est situé en Afrique.", "type_question": "VF", "difficulte": 2, "niveau_requis": 2, "choix_a": null, "choix_b": null, "choix_c": null, "choix_d": null, "reponse_correcte": null, "reponse_vf": false, "reponse_ouverte": null}}, {"model": "Quizapp.question", "pk": 99, "fields": {"matiere": 15, "texte": "Quel est le plus grand pays du monde par sa superficie ?", "type_question": "OUV", "difficulte": 3, "niveau_requis": 3, "choix_a": null, "choix_b": null, "choix_c": null, "choix_d": null, "reponse_correcte": null, "reponse_vf": null, "reponse_ouverte": "Russie"}}, {"model": "Quizapp.question", "pk": 100, "fields": {"matiere": 10, "texte": "Quelle est la valeur de π arrondie à 2 décimales ?", "type_question": "QCM", "difficulte": 1, "niveau_requis": 1, "choix_a": "3.12", "choix_b": "3.14", "choix_c": "3.16", "choix_d": "3.18", "reponse_correcte": "B", "reponse_vf": null, "reponse_ouverte": null}}, {"model": "Quizapp.question", "pk": 101, "fields": {"matiere": 10, "texte": "Quel est le résultat de (3 + 5) × 2 − 4 ?", "type_question": "QCM", "difficulte": 1, "niveau_requis": 1, "choix_a": "8", "choix_b": "12", "choix_c": "16", "choix_d": "20", "reponse_correcte": "B", "reponse_vf": null, "reponse_ouverte": null}}, {"model": "Quizapp.question", "pk": 102, "fields": {"matiere": 10, "texte": "Combien vaut 2 puissance 8 ?", "type_question": "QCM", "difficulte": 2, "niveau_requis": 2, "choix_a": "64", "choix_b": "128", "choix_c": "256", "choix_d": "512", "reponse_correcte": "C", "reponse_vf": null, "reponse_ouverte": null}}, {"model": "Quizapp.question", "pk": 103, "fields": {"matiere": 10, "texte": "La somme des angles d'un triangle est :", "type_question": "QCM", "difficulte": 1, "niveau_requis": 1, "choix_a": "90°", "choix_b": "180°", "choix_c": "270°", "choix_d": "360°", "reponse_correcte": "B", "reponse_vf": null, "reponse_ouverte": null}}, {"model": "Quizapp.question", "pk": 104, "fields": {"matiere": 10, "texte": "Quelle est la racine carrée de 169 ?", "type_question": "QCM", "difficulte": 2, "niveau_requis": 2, "choix_a": "11", "choix_b": "12", "choix_c": "13", "choix_d": "14", "reponse_correcte": "C", "reponse_vf": null, "reponse_ouverte": null}}, {"model": "Quizapp.question", "pk": 105, "fields": {"matiere": 10, "texte": "Un carré est un cas particulier de rectangle.", "type_question": "VF", "difficulte": 1, "niveau_requis": 1, "choix_a": null, "choix_b": null, "choix_c": null, "choix_d": null, "reponse_correcte": null, "reponse_vf": false, "reponse_ouverte": null}}, {"model": "Quizapp.question", "pk": 106, "fields": {"matiere": 10, "texte": "La racine carrée de 2 est un nombre rationnel.", "type_question": "VF", "difficulte": 2, "niveau_requis": 2, "choix_a": null, "choix_b": null, "choix_c": null, "choix_d": null, "reponse_correcte": null, "reponse_vf": false, "reponse_ouverte": null}}, {"model": "Quizapp.question", "pk": 107, "fields": {"matiere": 10, "texte": "Tout nombre premier est impair.", "type_question": "VF", "difficulte": 2, "niveau_requis": 3, "choix_a": null, "choix_b": null, "choix_c": null, "choix_d": null, "reponse_correcte": null, "reponse_vf": false, "reponse_ouverte": null}}, {"model": "Quizapp.question", "pk": 108, "fields": {"matiere": 10, "texte": "Si f(x) = 3x² − 2x + 1 combien vaut f(2) ?", "type_question": "QCM", "difficulte": 2, "niveau_requis": 3, "choix_a": "7", "choix_b": "9", "choix_c": "11", "choix_d": "13", "reponse_correcte": "B", "reponse_vf": null, "reponse_ouverte": null}}, {"model": "Quizapp.question", "pk": 109, "fields": {"matiere": 10, "texte": "Quelle est l'équation d'une droite passant par (0;3) avec une pente de 2 ?", "type_question": "QCM", "difficulte": 3, "niveau_requis": 4, "choix_a": "y = 2x", "choix_b": "y = 3x + 2", "choix_c": "y = 2x + 3", "choix_d": "y = x + 3", "reponse_correcte": "C", "reponse_vf": null, "reponse_ouverte": null}}, {"model": "Quizapp.question", "pk": 110, "fields": {"matiere": 10, "texte": "Quel est le PGCD de 48 et 36 ?", "type_question": "QCM", "difficulte": 2, "niveau_requis": 3, "choix_a": "6", "choix_b": "9", "choix_c": "12", "choix_d": "18", "reponse_correcte": "C", "reponse_vf": null, "reponse_ouverte": null}}, {"model": "Quizapp.question", "pk": 111, "fields": {"matiere": 10, "texte": "Quelle est la distance entre A(1;2) et B(4;6) dans un repère orthonormé ?", "type_question": "QCM", "difficulte": 3, "niveau_requis": 4, "choix_a": "4", "choix_b": "5", "choix_c": "6", "choix_d": "7", "reponse_correcte": "B", "reponse_vf": null, "reponse_ouverte": null}}, {"model": "Quizapp.question", "pk": 112, "fields": {"matiere": 10, "texte": "Le produit de deux nombres négatifs est toujours positif.", "type_question": "VF", "difficulte": 1, "niveau_requis": 1, "choix_a": null, "choix_b": null, "choix_c": null, "choix_d": null, "reponse_correcte": null, "reponse_vf": false, "reponse_ouverte": null}}, {"model": "Quizapp.question", "pk": 113, "fields": {"matiere": 11, "texte": "L'unité de mesure de la force dans le SI est :", "type_question": "QCM", "difficulte": 1, "niveau_requis": 1, "choix_a": "Joule", "choix_b": "Watt", "choix_c": "Newton", "choix_d": "Pascal", "reponse_correcte": "C", "reponse_vf": null, "reponse_ouverte": null}}, {"model": "Quizapp.question", "pk": 114, "fields": {"matiere": 11, "texte": "La vitesse de la lumière dans le vide est approximativement :", "type_question": "QCM", "difficulte": 1, "niveau_requis": 1, "choix_a": "150 000 km/s", "choix_b": "300 000 km/s", "choix_c": "450 000 km/s", "choix_d": "600 000 km/s", "reponse_correcte": "B", "reponse_vf": null, "reponse_ouverte": null}}, {"model": "Quizapp.question", "pk": 115, "fields": {"matiere": 11, "texte": "Le son se propage plus vite dans l'eau que dans l'air.", "type_question": "VF", "difficulte": 2, "niveau_requis": 2, "choix_a": null, "choix_b": null, "choix_c": null, "choix_d": null, "reponse_correcte": null, "reponse_vf": false, "reponse_ouverte": null}}, {"model": "Quizapp.question", "pk": 116, "fields": {"matiere": 11, "texte": "La masse et le poids sont deux grandeurs identiques.", "type_question": "VF", "difficulte": 1, "niveau_requis": 1, "choix_a": null, "choix_b": null, "choix_c": null, "choix_d": null, "reponse_correcte": null, "reponse_vf": false, "reponse_ouverte": null}}, {"model": "Quizapp.question", "pk": 117, "fields": {"matiere": 11, "texte": "Quelle loi relie la tension U l'intensité I et la résistance R ?", "type_question": "QCM", "difficulte": 1, "niveau_requis": 1, "choix_a": "Loi de Faraday", "choix_b": "Loi d'Ohm", "choix_c": "Loi de Joule", "choix_d": "Loi de Newton", "reponse_correcte": "B", "reponse_vf": null, "reponse_ouverte": null}}, {"model": "Quizapp.question", "pk": 118, "fields": {"matiere": 11, "texte": "Un objet de masse 5 kg subit une accélération de 3 m/s². Quelle est la force ?", "type_question": "QCM", "difficulte": 2, "niveau_requis": 2, "choix_a": "10 N", "choix_b": "12 N", "choix_c": "15 N", "choix_d": "18 N", "reponse_correcte": "C", "reponse_vf": null, "reponse_ouverte": null}}, {"model": "Quizapp.question", "pk": 119, "fields": {"matiere": 11, "texte": "Quelle est la formule de l'énergie cinétique ?", "type_question": "QCM", "difficulte": 2, "niveau_requis": 3, "choix_a": "E = mc²", "choix_b": "Ec = ½mv²", "choix_c": "P = mv", "choix_d": "W = Fd", "reponse_correcte": "B", "reponse_vf": null, "reponse_ouverte": null}}, {"model": "Quizapp.question", "pk": 120, "fields": {"matiere": 11, "texte": "Un corps en chute libre dans le vide a une accélération g ≈ 9.8 m/s².", "type_question": "VF", "difficulte": 2, "niveau_requis": 2, "choix_a": null, "choix_b": null, "choix_c": null, "choix_d": null, "reponse_correcte": null, "reponse_vf": false, "reponse_ouverte": null}}, {"model": "Quizapp.question", "pk": 121, "fields": {"matiere": 11, "texte": "Un circuit a une résistance de 10 Ω et une tension de 20 V. Quelle est l'intensité ?", "type_question": "QCM", "difficulte": 2, "niveau_requis": 3, "choix_a": "1 A", "choix_b": "2 A", "choix_c": "5 A", "choix_d": "10 A", "reponse_correcte": "B", "reponse_vf": null, "reponse_ouverte": null}}, {"model": "Quizapp.question", "pk": 122, "fields": {"matiere": 11, "texte": "L'énergie potentielle d'un objet de 2 kg à 5 m de hauteur avec g=10 est :", "type_question": "QCM", "difficulte": 3, "niveau_requis": 4, "choix_a": "50 J", "choix_b": "75 J", "choix_c": "100 J", "choix_d": "150 J", "reponse_correcte": "C", "reponse_vf": null, "reponse_ouverte": null}}, {"model": "Quizapp.question", "pk": 123, "fields": {"matiere": 11, "texte": "La quantité de chaleur Q = mcΔT où c est la capacité thermique massique.", "type_question": "VF", "difficulte": 3, "niveau_requis": 4, "choix_a": null, "choix_b": null, "choix_c": null, "choix_d": null, "reponse_correcte": null, "reponse_vf": false, "reponse_ouverte": null}}, {"model": "Quizapp.question", "pk": 124, "fields": {"matiere": 12, "texte": "La formule chimique de l'eau est :", "type_question": "QCM", "difficulte": 1, "niveau_requis": 1, "choix_a": "CO2", "choix_b": "H2O", "choix_c": "NaCl", "choix_d": "O2", "reponse_correcte": "B", "reponse_vf": null, "reponse_ouverte": null}}, {"model": "Quizapp.question", "pk": 125, "fields": {"matiere": 12, "texte": "Le pH d'une solution neutre est :", "type_question": "QCM", "difficulte": 1, "niveau_requis": 1, "choix_a": "0", "choix_b": "7", "choix_c": "10", "choix_d": "14", "reponse_correcte": "B", "reponse_vf": null, "reponse_ouverte": null}}, {"model": "Quizapp.question", "pk": 126, "fields": {"matiere": 12, "texte": "Le sel de cuisine est du chlorure de sodium NaCl.", "type_question": "VF", "difficulte": 1, "niveau_requis": 1, "choix_a": null, "choix_b": null, "choix_c": null, "choix_d": null, "reponse_correcte": null, "reponse_vf": false, "reponse_ouverte": null}}, {"model": "Quizapp.question", "pk": 127, "fields": {"matiere": 12, "texte": "L'oxygène est un métal.", "type_question": "VF", "difficulte": 1, "niveau_requis": 1, "choix_a": null, "choix_b": null, "choix_c": null, "choix_d": null, "reponse_correcte": null, "reponse_vf": false, "reponse_ouverte": null}}, {"model": "Quizapp.question", "pk": 128, "fields": {"matiere": 12, "texte": "Quel gaz est produit lors de la photosynthèse ?", "type_question": "QCM", "difficulte": 1, "niveau_requis": 1, "choix_a": "CO2", "choix_b": "N2", "choix_c": "O2", "choix_d": "H2", "reponse_correcte": "C", "reponse_vf": null, "reponse_ouverte": null}}, {"model": "Quizapp.question", "pk": 129, "fields": {"matiere": 12, "texte": "Le tableau périodique est classé par ordre croissant de :", "type_question": "QCM", "difficulte": 2, "niveau_requis": 2, "choix_a": "Masse atomique", "choix_b": "Numéro atomique", "choix_c": "Électronégativité", "choix_d": "Valence", "reponse_correcte": "B", "reponse_vf": null, "reponse_ouverte": null}}, {"model": "Quizapp.question", "pk": 130, "fields": {"matiere": 12, "texte": "Quel est le symbole chimique du fer ?", "type_question": "QCM", "difficulte": 2, "niveau_requis": 2, "choix_a": "Fe", "choix_b": "Fr", "choix_c": "Fi", "choix_d": "Fn", "reponse_correcte": "A", "reponse_vf": null, "reponse_ouverte": null}}, {"model": "Quizapp.question", "pk": 131, "fields": {"matiere": 12, "texte": "Une solution acide a un pH supérieur à 7.", "type_question": "VF", "difficulte": 2, "niveau_requis": 2, "choix_a": null, "choix_b": null, "choix_c": null, "choix_d": null, "reponse_correcte": null, "reponse_vf": false, "reponse_ouverte": null}}, {"model": "Quizapp.question", "pk": 132, "fields": {"matiere": 12, "texte": "Lors de la combustion complète du méthane CH4 les produits sont :", "type_question": "QCM", "difficulte": 3, "niveau_requis": 4, "choix_a": "CO et H2O", "choix_b": "CO2 et H2O", "choix_c": "CO2 et H2", "choix_d": "C et H2O", "reponse_correcte": "B", "reponse_vf": null, "reponse_ouverte": null}}, {"model": "Quizapp.question", "pk": 133, "fields": {"matiere": 12, "texte": "Le numéro atomique de l'hydrogène est :", "type_question": "QCM", "difficulte": 1, "niveau_requis": 1, "choix_a": "0", "choix_b": "1", "choix_c": "2", "choix_d": "3", "reponse_correcte": "B", "reponse_vf": null, "reponse_ouverte": null}}, {"model": "Quizapp.question", "pk": 134, "fields": {"matiere": 12, "texte": "La réaction de neutralisation produit de l'eau et un sel.", "type_question": "VF", "difficulte": 2, "niveau_requis": 3, "choix_a": null, "choix_b": null, "choix_c": null, "choix_d": null, "reponse_correcte": null, "reponse_vf": false, "reponse_ouverte": null}}, {"model": "Quizapp.question", "pk": 135, "fields": {"matiere": 13, "texte": "Quelle molécule porte l'information génétique dans la cellule ?", "type_question": "QCM", "difficulte": 1, "niveau_requis": 1, "choix_a": "ARN", "choix_b": "ATP", "choix_c": "ADN", "choix_d": "AMP", "reponse_correcte": "C", "reponse_vf": null, "reponse_ouverte": null}}, {"model": "Quizapp.question", "pk": 136, "fields": {"matiere": 13, "texte": "Combien de chromosomes possède une cellule humaine somatique normale ?", "type_question": "QCM", "difficulte": 2, "niveau_requis": 2, "choix_a": "23", "choix_b": "44", "choix_c": "46", "choix_d": "48", "reponse_correcte": "C", "reponse_vf": null, "reponse_ouverte": null}}, {"model": "Quizapp.question", "pk": 137, "fields": {"matiere": 13, "texte": "Les virus sont des êtres vivants autonomes capables de se reproduire seuls.", "type_question": "VF", "difficulte": 2, "niveau_requis": 2, "choix_a": null, "choix_b": null, "choix_c": null, "choix_d": null, "reponse_correcte": null, "reponse_vf": false, "reponse_ouverte": null}}, {"model": "Quizapp.question", "pk": 138, "fields": {"matiere": 13, "texte": "Les globules rouges transportent le dioxygène dans le sang.", "type_question": "VF", "difficulte": 1, "niveau_requis": 1, "choix_a": null, "choix_b": null, "choix_c": null, "choix_d": null, "reponse_correcte": null, "reponse_vf": false, "reponse_ouverte": null}}, {"model": "Quizapp.question", "pk": 139, "fields": {"matiere": 13, "texte": "La photosynthèse se déroule dans :", "type_question": "QCM", "difficulte": 2, "niveau_requis": 2, "choix_a": "Les mitochondries", "choix_b": "Les chloroplastes", "choix_c": "Le noyau", "choix_d": "Le réticulum", "reponse_correcte": "B", "reponse_vf": null, "reponse_ouverte": null}}, {"model": "Quizapp.question", "pk": 140, "fields": {"matiere": 13, "texte": "Quel organite est le centre énergétique de la cellule ?", "type_question": "QCM", "difficulte": 2, "niveau_requis": 2, "choix_a": "Noyau", "choix_b": "Ribosome", "choix_c": "Mitochondrie", "choix_d": "Appareil de Golgi", "reponse_correcte": "C", "reponse_vf": null, "reponse_ouverte": null}}, {"model": "Quizapp.question", "pk": 141, "fields": {"matiere": 13, "texte": "La mitose produit :", "type_question": "QCM", "difficulte": 2, "niveau_requis": 3, "choix_a": "4 cellules haploïdes", "choix_b": "2 cellules identiques", "choix_c": "2 cellules différentes", "choix_d": "1 cellule diploïde", "reponse_correcte": "B", "reponse_vf": null, "reponse_ouverte": null}}, {"model": "Quizapp.question", "pk": 142, "fields": {"matiere": 13, "texte": "Quel organe filtre le sang et produit l'urine ?", "type_question": "QCM", "difficulte": 1, "niveau_requis": 1, "choix_a": "Foie", "choix_b": "Poumon", "choix_c": "Rein", "choix_d": "Rate", "reponse_correcte": "C", "reponse_vf": null, "reponse_ouverte": null}}, {"model": "Quizapp.question", "pk": 143, "fields": {"matiere": 13, "texte": "L'ADN est présent uniquement dans le noyau de la cellule eucaryote.", "type_question": "VF", "difficulte": 3, "niveau_requis": 4, "choix_a": null, "choix_b": null, "choix_c": null, "choix_d": null, "reponse_correcte": null, "reponse_vf": false, "reponse_ouverte": null}}, {"model": "Quizapp.question", "pk": 144, "fields": {"matiere": 13, "texte": "La méiose produit des cellules haploïdes.", "type_question": "VF", "difficulte": 3, "niveau_requis": 4, "choix_a": null, "choix_b": null, "choix_c": null, "choix_d": null, "reponse_correcte": null, "reponse_vf": false, "reponse_ouverte": null}}, {"model": "Quizapp.question", "pk": 145, "fields": {"matiere": 14, "texte": "Quel est le pluriel du mot bail ?", "type_question": "QCM", "difficulte": 2, "niveau_requis": 2, "choix_a": "Bails", "choix_b": "Bailes", "choix_c": "Baux", "choix_d": "Bailx", "reponse_correcte": "C", "reponse_vf": null, "reponse_ouverte": null}}, {"model": "Quizapp.question", "pk": 146, "fields": {"matiere": 14, "texte": "La figure de style dans Il est fort comme un lion est :", "type_question": "QCM", "difficulte": 2, "niveau_requis": 2, "choix_a": "Métaphore", "choix_b": "Comparaison", "choix_c": "Hyperbole", "choix_d": "Métonymie", "reponse_correcte": "B", "reponse_vf": null, "reponse_ouverte": null}}, {"model": "Quizapp.question", "pk": 147, "fields": {"matiere": 14, "texte": "L'imparfait exprime une action ponctuelle et terminée dans le passé.", "type_question": "VF", "difficulte": 2, "niveau_requis": 2, "choix_a": null, "choix_b": null, "choix_c": null, "choix_d": null, "reponse_correcte": null, "reponse_vf": false, "reponse_ouverte": null}}, {"model": "Quizapp.question", "pk": 148, "fields": {"matiere": 14, "texte": "Lequel de ces mots est un adverbe ?", "type_question": "QCM", "difficulte": 1, "niveau_requis": 1, "choix_a": "Rapide", "choix_b": "Rapidité", "choix_c": "Rapidement", "choix_d": "Rapider", "reponse_correcte": "C", "reponse_vf": null, "reponse_ouverte": null}}, {"model": "Quizapp.question", "pk": 149, "fields": {"matiere": 14, "texte": "Quel est l'auteur du roman Les Misérables ?", "type_question": "QCM", "difficulte": 1, "niveau_requis": 1, "choix_a": "Honoré de Balzac", "choix_b": "Victor Hugo", "choix_c": "Émile Zola", "choix_d": "Alexandre Dumas", "reponse_correcte": "B", "reponse_vf": null, "reponse_ouverte": null}}, {"model": "Quizapp.question", "pk": 150, "fields": {"matiere": 14, "texte": "Un verbe du 2ème groupe fait -issons à la 1ère personne du pluriel.", "type_question": "VF", "difficulte": 2, "niveau_requis": 2, "choix_a": null, "choix_b": null, "choix_c": null, "choix_d": null, "reponse_correcte": null, "reponse_vf": false, "reponse_ouverte": null}}, {"model": "Quizapp.question", "pk": 151, "fields": {"matiere": 14, "texte": "Laquelle de ces phrases contient une faute d'accord ?", "type_question": "QCM", "difficulte": 3, "niveau_requis": 4, "choix_a": "Les enfants jouent", "choix_b": "Elles sont partis", "choix_c": "Nous avons mangé", "choix_d": "Il faisait beau", "reponse_correcte": "B", "reponse_vf": null, "reponse_ouverte": null}}, {"model": "Quizapp.question", "pk": 152, "fields": {"matiere": 14, "texte": "Le subjonctif présent de avoir à la 1ère personne du singulier est :", "type_question": "QCM", "difficulte": 3, "niveau_requis": 4, "choix_a": "j'ai", "choix_b": "j'aie", "choix_c": "j'aies", "choix_d": "j'ais", "reponse_correcte": "B", "reponse_vf": null, "reponse_ouverte": null}}, {"model": "Quizapp.question", "pk": 153, "fields": {"matiere": 15, "texte": "Quelle est la capitale d'Haïti ?", "type_question": "QCM", "difficulte": 1, "niveau_requis": 1, "choix_a": "Cap-Haïtien", "choix_b": "Jacmel", "choix_c": "Port-au-Prince", "choix_d": "Les Cayes", "reponse_correcte": "C", "reponse_vf": null, "reponse_ouverte": null}}, {"model": "Quizapp.question", "pk": 154, "fields": {"matiere": 15, "texte": "En quelle année Haïti a-t-il proclamé son indépendance ?", "type_question": "QCM", "difficulte": 1, "niveau_requis": 1, "choix_a": "1791", "choix_b": "1804", "choix_c": "1820", "choix_d": "1915", "reponse_correcte": "B", "reponse_vf": null, "reponse_ouverte": null}}, {"model": "Quizapp.question", "pk": 155, "fields": {"matiere": 15, "texte": "Jean-Jacques Dessalines fut le premier chef d'État d'Haïti.", "type_question": "VF", "difficulte": 2, "niveau_requis": 2, "choix_a": null, "choix_b": null, "choix_c": null, "choix_d": null, "reponse_correcte": null, "reponse_vf": false, "reponse_ouverte": null}}, {"model": "Quizapp.question", "pk": 156, "fields": {"matiere": 15, "texte": "Qui a peint la Joconde ?", "type_question": "QCM", "difficulte": 2, "niveau_requis": 2, "choix_a": "Michel-Ange", "choix_b": "Raphaël", "choix_c": "Léonard de Vinci", "choix_d": "Botticelli", "reponse_correcte": "C", "reponse_vf": null, "reponse_ouverte": null}}, {"model": "Quizapp.question", "pk": 157, "fields": {"matiere": 15, "texte": "Quelle organisation a été fondée en 1945 pour maintenir la paix mondiale ?", "type_question": "QCM", "difficulte": 2, "niveau_requis": 2, "choix_a": "OEA", "choix_b": "OTAN", "choix_c": "ONU", "choix_d": "CARICOM", "reponse_correcte": "C", "reponse_vf": null, "reponse_ouverte": null}}, {"model": "Quizapp.question", "pk": 158, "fields": {"matiere": 15, "texte": "L'Amazone est le fleuve le plus long du monde.", "type_question": "VF", "difficulte": 2, "niveau_requis": 2, "choix_a": null, "choix_b": null, "choix_c": null, "choix_d": null, "reponse_correcte": null, "reponse_vf": false, "reponse_ouverte": null}}, {"model": "Quizapp.question", "pk": 159, "fields": {"matiere": 15, "texte": "Quel est le plus grand pays du monde par superficie ?", "type_question": "OUV", "difficulte": 1, "niveau_requis": 1, "choix_a": null, "choix_b": null, "choix_c": null, "choix_d": null, "reponse_correcte": null, "reponse_vf": null, "reponse_ouverte": ""}}, {"model": "Quizapp.question", "pk": 160, "fields": {"matiere": 16, "texte": "Quelle est la formule de Descartes qui affirme l'existence par la pensée ?", "type_question": "QCM", "difficulte": 2, "niveau_requis": 3, "choix_a": "Je pense donc je suis", "choix_b": "L'homme est un animal politique", "choix_c": "Connais-toi toi-même", "choix_d": "Tout est nombre", "reponse_correcte": "A", "reponse_vf": null, "reponse_ouverte": null}}, {"model": "Quizapp.question", "pk": 161, "fields": {"matiere": 16, "texte": "Aristote était le disciple de :", "type_question": "QCM", "difficulte": 2, "niveau_requis": 2, "choix_a": "Socrate", "choix_b": "Platon", "choix_c": "Héraclite", "choix_d": "Épicure", "reponse_correcte": "B", "reponse_vf": null, "reponse_ouverte": null}}, {"model": "Quizapp.question", "pk": 162, "fields": {"matiere": 16, "texte": "Selon Platon la philosophie commence par :", "type_question": "QCM", "difficulte": 3, "niveau_requis": 4, "choix_a": "La raison", "choix_b": "L'étonnement", "choix_c": "Le doute", "choix_d": "La foi", "reponse_correcte": "B", "reponse_vf": null, "reponse_ouverte": null}}, {"model": "Quizapp.question", "pk": 163, "fields": {"matiere": 16, "texte": "Pour Kant la morale repose sur :", "type_question": "QCM", "difficulte": 4, "niveau_requis": 5, "choix_a": "Le bonheur", "choix_b": "L'impératif catégorique", "choix_c": "La vertu", "choix_d": "Les émotions", "reponse_correcte": "B", "reponse_vf": null, "reponse_ouverte": null}}, {"model": "Quizapp.question", "pk": 164, "fields": {"matiere": 16, "texte": "Socrate n'a laissé aucun écrit.", "type_question": "VF", "difficulte": 2, "niveau_requis": 3, "choix_a": null, "choix_b": null, "choix_c": null, "choix_d": null, "reponse_correcte": null, "reponse_vf": false, "reponse_ouverte": null}}, {"model": "Quizapp.quiz", "pk": 1, "fields": {"etudiant": 1, "level": 1, "matiere": null, "score": 0, "total_questions": 0, "termine": false, "date_creation": "2026-03-11T21:55:17.529Z", "date_fin": null, "is_retry_mode": false, "parent_quiz": null, "questions": []}}, {"model": "Quizapp.quiz", "pk": 2, "fields": {"etudiant": 1, "level": 1, "matiere": null, "score": 0, "total_questions": 0, "termine": false, "date_creation": "2026-03-11T21:55:20.157Z", "date_fin": null, "is_retry_mode": false, "parent_quiz": null, "questions": []}}, {"model": "Quizapp.quiz", "pk": 3, "fields": {"etudiant": 1, "level": 1, "matiere": null, "score": 0, "total_questions": 0, "termine": false, "date_creation": "2026-03-11T22:14:19.716Z", "date_fin": null, "is_retry_mode": false, "parent_quiz": null, "questions": []}}, {"model": "Quizapp.quiz", "pk": 4, "fields": {"etudiant": 1, "level": 1, "matiere": null, "score": 0, "total_questions": 0, "termine": false, "date_creation": "2026-03-11T22:14:46.018Z", "date_fin": null, "is_retry_mode": false, "parent_quiz": null, "questions": []}}, {"model": "Quizapp.quiz", "pk": 5, "fields": {"etudiant": 1, "level": 1, "matiere": null, "score": 0, "total_questions": 0, "termine": false, "date_creation": "2026-03-11T22:19:35.980Z", "date_fin": null, "is_retry_mode": false, "parent_quiz": null, "questions": []}}, {"model": "Quizapp.quiz", "pk": 6, "fields": {"etudiant": 1, "level": 1, "matiere": null, "score": 0, "total_questions": 0, "termine": false, "date_creation": "2026-03-11T22:28:27.519Z", "date_fin": null, "is_retry_mode": false, "parent_quiz": null, "questions": []}}, {"model": "Quizapp.quiz", "pk": 7, "fields": {"etudiant": 1, "level": 1, "matiere": null, "score": 0, "total_questions": 0, "termine": false, "date_creation": "2026-03-11T22:29:36.077Z", "date_fin": null, "is_retry_mode": false, "parent_quiz": null, "questions": []}}, {"model": "Quizapp.quiz", "pk": 8, "fields": {"etudiant": 1, "level": 1, "matiere": null, "score": 0, "total_questions": 0, "termine": false, "date_creation": "2026-03-11T22:36:36.054Z", "date_fin": null, "is_retry_mode": false, "parent_quiz": null, "questions": []}}, {"model": "Quizapp.quiz", "pk": 9, "fields": {"etudiant": 1, "level": 1, "matiere": null, "score": 0, "total_questions": 0, "termine": false, "date_creation": "2026-03-11T22:36:39.182Z", "date_fin": null, "is_retry_mode": false, "parent_quiz": null, "questions": []}}, {"model": "Quizapp.quiz", "pk": 10, "fields": {"etudiant": 1, "level": 1, "matiere": null, "score": 0, "total_questions": 0, "termine": false, "date_creation": "2026-03-11T22:36:41.994Z", "date_fin": null, "is_retry_mode": false, "parent_quiz": null, "questions": []}}, {"model": "Quizapp.quiz", "pk": 11, "fields": {"etudiant": 1, "level": 1, "matiere": null, "score": 0, "total_questions": 0, "termine": false, "date_creation": "2026-03-11T22:36:45.946Z", "date_fin": null, "is_retry_mode": false, "parent_quiz": null, "questions": []}}, {"model": "Quizapp.quiz", "pk": 12, "fields": {"etudiant": 1, "level": 1, "matiere": null, "score": 0, "total_questions": 0, "termine": false, "date_creation": "2026-03-11T22:36:50.382Z", "date_fin": null, "is_retry_mode": false, "parent_quiz": null, "questions": []}}, {"model": "Quizapp.quiz", "pk": 13, "fields": {"etudiant": 1, "level": 1, "matiere": null, "score": 0, "total_questions": 0, "termine": false, "date_creation": "2026-03-11T22:36:54.636Z", "date_fin": null, "is_retry_mode": false, "parent_quiz": null, "questions": []}}, {"model": "Quizapp.quiz", "pk": 14, "fields": {"etudiant": 1, "level": 1, "matiere": null, "score": 0, "total_questions": 0, "termine": false, "date_creation": "2026-03-11T22:37:46.284Z", "date_fin": null, "is_retry_mode": false, "parent_quiz": null, "questions": []}}, {"model": "Quizapp.quiz", "pk": 15, "fields": {"etudiant": 1, "level": 1, "matiere": null, "score": 0, "total_questions": 0, "termine": false, "date_creation": "2026-03-11T22:45:11.323Z", "date_fin": null, "is_retry_mode": false, "parent_quiz": null, "questions": []}}, {"model": "Quizapp.quiz", "pk": 16, "fields": {"etudiant": 1, "level": 1, "matiere": null, "score": 0, "total_questions": 0, "termine": false, "date_creation": "2026-03-11T22:45:15.469Z", "date_fin": null, "is_retry_mode": false, "parent_quiz": null, "questions": []}}, {"model": "Quizapp.quiz", "pk": 17, "fields": {"etudiant": 1, "level": 1, "matiere": null, "score": 0, "total_questions": 0, "termine": false, "date_creation": "2026-03-11T22:45:20.637Z", "date_fin": null, "is_retry_mode": false, "parent_quiz": null, "questions": []}}, {"model": "Quizapp.quiz", "pk": 18, "fields": {"etudiant": 1, "level": 1, "matiere": null, "score": 0, "total_questions": 0, "termine": false, "date_creation": "2026-03-11T22:45:23.195Z", "date_fin": null, "is_retry_mode": false, "parent_quiz": null, "questions": []}}, {"model": "Quizapp.quiz", "pk": 19, "fields": {"etudiant": 1, "level": 1, "matiere": null, "score": 0, "total_questions": 0, "termine": false, "date_creation": "2026-03-11T22:45:25.841Z", "date_fin": null, "is_retry_mode": false, "parent_quiz": null, "questions": []}}, {"model": "Quizapp.quiz", "pk": 20, "fields": {"etudiant": 2, "level": 1, "matiere": null, "score": 0, "total_questions": 0, "termine": false, "date_creation": "2026-03-11T22:50:27.435Z", "date_fin": null, "is_retry_mode": false, "parent_quiz": null, "questions": []}}, {"model": "Quizapp.quiz", "pk": 21, "fields": {"etudiant": 2, "level": 1, "matiere": null, "score": 0, "total_questions": 0, "termine": false, "date_creation": "2026-03-11T22:50:32.143Z", "date_fin": null, "is_retry_mode": false, "parent_quiz": null, "questions": []}}, {"model": "Quizapp.quiz", "pk": 22, "fields": {"etudiant": 2, "level": 1, "matiere": null, "score": 0, "total_questions": 0, "termine": false, "date_creation": "2026-03-11T22:57:51.740Z", "date_fin": null, "is_retry_mode": false, "parent_quiz": null, "questions": []}}, {"model": "Quizapp.quiz", "pk": 23, "fields": {"etudiant": 2, "level": 1, "matiere": null, "score": 0, "total_questions": 0, "termine": false, "date_creation": "2026-03-11T22:57:52.451Z", "date_fin": null, "is_retry_mode": false, "parent_quiz": null, "questions": []}}, {"model": "Quizapp.quiz", "pk": 24, "fields": {"etudiant": 2, "level": 1, "matiere": null, "score": 0, "total_questions": 0, "termine": false, "date_creation": "2026-03-11T22:57:52.854Z", "date_fin": null, "is_retry_mode": false, "parent_quiz": null, "questions": []}}, {"model": "Quizapp.quiz", "pk": 25, "fields": {"etudiant": 2, "level": 1, "matiere": null, "score": 0, "total_questions": 0, "termine": false, "date_creation": "2026-03-11T22:58:04.857Z", "date_fin": null, "is_retry_mode": false, "parent_quiz": null, "questions": []}}, {"model": "Quizapp.quiz", "pk": 26, "fields": {"etudiant": 2, "level": 1, "matiere": null, "score": 0, "total_questions": 0, "termine": false, "date_creation": "2026-03-11T22:58:05.521Z", "date_fin": null, "is_retry_mode": false, "parent_quiz": null, "questions": []}}, {"model": "Quizapp.quiz", "pk": 27, "fields": {"etudiant": 2, "level": 1, "matiere": null, "score": 0, "total_questions": 0, "termine": false, "date_creation": "2026-03-11T22:58:08.141Z", "date_fin": null, "is_retry_mode": false, "parent_quiz": null, "questions": []}}, {"model": "Quizapp.quiz", "pk": 28, "fields": {"etudiant": 2, "level": 1, "matiere": null, "score": 0, "total_questions": 0, "termine": false, "date_creation": "2026-03-11T22:58:11.247Z", "date_fin": null, "is_retry_mode": false, "parent_quiz": null, "questions": []}}, {"model": "Quizapp.quiz", "pk": 29, "fields": {"etudiant": 2, "level": 1, "matiere": null, "score": 0, "total_questions": 0, "termine": false, "date_creation": "2026-03-11T22:58:13.309Z", "date_fin": null, "is_retry_mode": false, "parent_quiz": null, "questions": []}}, {"model": "Quizapp.quiz", "pk": 30, "fields": {"etudiant": 2, "level": 1, "matiere": null, "score": 0, "total_questions": 0, "termine": false, "date_creation": "2026-03-11T22:59:27.982Z", "date_fin": null, "is_retry_mode": false, "parent_quiz": null, "questions": []}}, {"model": "Quizapp.quiz", "pk": 31, "fields": {"etudiant": 2, "level": 1, "matiere": null, "score": 0, "total_questions": 0, "termine": false, "date_creation": "2026-03-11T23:01:27.268Z", "date_fin": null, "is_retry_mode": false, "parent_quiz": null, "questions": []}}, {"model": "Quizapp.quiz", "pk": 32, "fields": {"etudiant": 2, "level": 1, "matiere": null, "score": 0, "total_questions": 0, "termine": false, "date_creation": "2026-03-11T23:02:36.319Z", "date_fin": null, "is_retry_mode": false, "parent_quiz": null, "questions": []}}, {"model": "Quizapp.quiz", "pk": 33, "fields": {"etudiant": 2, "level": 1, "matiere": null, "score": 0, "total_questions": 0, "termine": false, "date_creation": "2026-03-11T23:03:05.011Z", "date_fin": null, "is_retry_mode": false, "parent_quiz": null, "questions": []}}, {"model": "Quizapp.quiz", "pk": 34, "fields": {"etudiant": 2, "level": 1, "matiere": null, "score": 0, "total_questions": 0, "termine": false, "date_creation": "2026-03-11T23:03:08.456Z", "date_fin": null, "is_retry_mode": false, "parent_quiz": null, "questions": []}}, {"model": "Quizapp.quiz", "pk": 35, "fields": {"etudiant": 2, "level": 1, "matiere": null, "score": 0, "total_questions": 0, "termine": false, "date_creation": "2026-03-11T23:07:17.348Z", "date_fin": null, "is_retry_mode": false, "parent_quiz": null, "questions": []}}, {"model": "Quizapp.quiz", "pk": 36, "fields": {"etudiant": 5, "level": 1, "matiere": null, "score": 0, "total_questions": 0, "termine": false, "date_creation": "2026-04-10T02:31:16.313Z", "date_fin": null, "is_retry_mode": false, "parent_quiz": null, "questions": []}}, {"model": "Quizapp.quiz", "pk": 37, "fields": {"etudiant": 5, "level": 1, "matiere": null, "score": 0, "total_questions": 0, "termine": false, "date_creation": "2026-04-10T02:31:38.812Z", "date_fin": null, "is_retry_mode": false, "parent_quiz": null, "questions": []}}, {"model": "Quizapp.quiz", "pk": 38, "fields": {"etudiant": 5, "level": 1, "matiere": null, "score": 0, "total_questions": 0, "termine": false, "date_creation": "2026-04-10T02:32:48.696Z", "date_fin": null, "is_retry_mode": false, "parent_quiz": null, "questions": []}}, {"model": "Quizapp.quiz", "pk": 39, "fields": {"etudiant": 5, "level": 1, "matiere": null, "score": 0, "total_questions": 0, "termine": false, "date_creation": "2026-04-10T02:34:23.021Z", "date_fin": null, "is_retry_mode": false, "parent_quiz": null, "questions": []}}, {"model": "Quizapp.quiz", "pk": 40, "fields": {"etudiant": 5, "level": 1, "matiere": null, "score": 1, "total_questions": 2, "termine": false, "date_creation": "2026-04-10T02:46:32.153Z", "date_fin": "2026-04-10T02:47:12.102Z", "is_retry_mode": false, "parent_quiz": null, "questions": []}}, {"model": "Quizapp.quiz", "pk": 41, "fields": {"etudiant": 5, "level": 1, "matiere": null, "score": 1, "total_questions": 2, "termine": false, "date_creation": "2026-04-10T02:47:17.306Z", "date_fin": "2026-04-10T02:47:33.889Z", "is_retry_mode": false, "parent_quiz": null, "questions": []}}, {"model": "Quizapp.quiz", "pk": 42, "fields": {"etudiant": 5, "level": 1, "matiere": null, "score": 2, "total_questions": 2, "termine": false, "date_creation": "2026-04-10T02:48:58.620Z", "date_fin": "2026-04-10T02:49:13.640Z", "is_retry_mode": false, "parent_quiz": null, "questions": []}}, {"model": "Quizapp.quiz", "pk": 43, "fields": {"etudiant": 5, "level": 1, "matiere": null, "score": 8, "total_questions": 10, "termine": false, "date_creation": "2026-04-10T02:57:49.766Z", "date_fin": "2026-04-10T03:00:07.847Z", "is_retry_mode": false, "parent_quiz": null, "questions": []}}, {"model": "Quizapp.quiz", "pk": 44, "fields": {"etudiant": 5, "level": 1, "matiere": null, "score": 0, "total_questions": 8, "termine": false, "date_creation": "2026-04-10T03:00:14.001Z", "date_fin": null, "is_retry_mode": false, "parent_quiz": null, "questions": []}}, {"model": "Quizapp.quiz", "pk": 45, "fields": {"etudiant": 5, "level": 1, "matiere": null, "score": 0, "total_questions": 8, "termine": false, "date_creation": "2026-04-10T03:00:17.755Z", "date_fin": null, "is_retry_mode": false, "parent_quiz": null, "questions": []}}, {"model": "Quizapp.quiz", "pk": 46, "fields": {"etudiant": 5, "level": 1, "matiere": null, "score": 0, "total_questions": 10, "termine": false, "date_creation": "2026-04-10T03:12:12.973Z", "date_fin": null, "is_retry_mode": false, "parent_quiz": null, "questions": [56, 64, 65, 66, 73, 80, 81, 82, 88, 96]}}, {"model": "Quizapp.quiz", "pk": 47, "fields": {"etudiant": 5, "level": 1, "matiere": null, "score": 0, "total_questions": 10, "termine": false, "date_creation": "2026-04-10T03:12:38.736Z", "date_fin": null, "is_retry_mode": false, "parent_quiz": null, "questions": [52, 63, 64, 65, 71, 72, 82, 88, 90, 94]}}, {"model": "Quizapp.quiz", "pk": 48, "fields": {"etudiant": 5, "level": 1, "matiere": null, "score": 0, "total_questions": 10, "termine": false, "date_creation": "2026-04-10T03:12:47.025Z", "date_fin": null, "is_retry_mode": false, "parent_quiz": null, "questions": [52, 63, 64, 65, 72, 73, 81, 89, 94, 95]}}, {"model": "Quizapp.quiz", "pk": 49, "fields": {"etudiant": 5, "level": 1, "matiere": null, "score": 9, "total_questions": 10, "termine": false, "date_creation": "2026-04-10T03:12:51.881Z", "date_fin": "2026-04-10T03:14:35.643Z", "is_retry_mode": false, "parent_quiz": null, "questions": [52, 53, 55, 66, 72, 74, 81, 90, 94, 95]}}, {"model": "Quizapp.quiz", "pk": 50, "fields": {"etudiant": 5, "level": 1, "matiere": null, "score": 0, "total_questions": 10, "termine": false, "date_creation": "2026-04-10T03:32:50.577Z", "date_fin": null, "is_retry_mode": false, "parent_quiz": null, "questions": [52, 55, 56, 65, 71, 73, 82, 83, 90, 94]}}, {"model": "Quizapp.quiz", "pk": 51, "fields": {"etudiant": 5, "level": 1, "matiere": null, "score": 0, "total_questions": 10, "termine": false, "date_creation": "2026-04-10T23:21:24.210Z", "date_fin": null, "is_retry_mode": false, "parent_quiz": null, "questions": [52, 53, 56, 65, 71, 80, 88, 89, 90, 94]}}, {"model": "Quizapp.quiz", "pk": 52, "fields": {"etudiant": 5, "level": 1, "matiere": null, "score": 0, "total_questions": 10, "termine": false, "date_creation": "2026-04-11T15:16:52.144Z", "date_fin": null, "is_retry_mode": false, "parent_quiz": null, "questions": [52, 63, 65, 66, 80, 81, 82, 88, 89, 95]}}, {"model": "Quizapp.quiz", "pk": 53, "fields": {"etudiant": 5, "level": 1, "matiere": null, "score": 0, "total_questions": 10, "termine": false, "date_creation": "2026-04-11T15:24:51.629Z", "date_fin": null, "is_retry_mode": false, "parent_quiz": null, "questions": [52, 54, 63, 65, 71, 72, 80, 81, 82, 90]}}, {"model": "Quizapp.quiz", "pk": 54, "fields": {"etudiant": 5, "level": 1, "matiere": null, "score": 0, "total_questions": 10, "termine": false, "date_creation": "2026-04-11T15:24:52.615Z", "date_fin": null, "is_retry_mode": false, "parent_quiz": null, "questions": [52, 53, 54, 56, 64, 71, 73, 74, 81, 90]}}, {"model": "Quizapp.quiz", "pk": 55, "fields": {"etudiant": 5, "level": 1, "matiere": null, "score": 0, "total_questions": 10, "termine": false, "date_creation": "2026-04-11T15:25:30.557Z", "date_fin": null, "is_retry_mode": false, "parent_quiz": null, "questions": [55, 56, 65, 66, 72, 81, 82, 83, 89, 90]}}, {"model": "Quizapp.quiz", "pk": 56, "fields": {"etudiant": 5, "level": 1, "matiere": null, "score": 0, "total_questions": 10, "termine": false, "date_creation": "2026-04-11T15:26:10.686Z", "date_fin": null, "is_retry_mode": false, "parent_quiz": null, "questions": [54, 63, 65, 66, 71, 82, 83, 88, 95, 96]}}, {"model": "Quizapp.quiz", "pk": 57, "fields": {"etudiant": 5, "level": 1, "matiere": null, "score": 0, "total_questions": 10, "termine": false, "date_creation": "2026-04-11T15:26:32.995Z", "date_fin": null, "is_retry_mode": false, "parent_quiz": null, "questions": [53, 55, 56, 64, 71, 74, 81, 83, 89, 94]}}, {"model": "Quizapp.quiz", "pk": 58, "fields": {"etudiant": 6, "level": 1, "matiere": null, "score": 0, "total_questions": 10, "termine": false, "date_creation": "2026-04-23T03:40:41.639Z", "date_fin": null, "is_retry_mode": false, "parent_quiz": null, "questions": [52, 53, 54, 64, 66, 73, 74, 83, 90, 94]}}, {"model": "Quizapp.quiz", "pk": 59, "fields": {"etudiant": 6, "level": 1, "matiere": null, "score": 0, "total_questions": 10, "termine": false, "date_creation": "2026-04-23T03:43:23.166Z", "date_fin": null, "is_retry_mode": false, "parent_quiz": null, "questions": [52, 54, 56, 64, 71, 74, 81, 89, 90, 94]}}, {"model": "Quizapp.quiz", "pk": 60, "fields": {"etudiant": 6, "level": 1, "matiere": 14, "score": 0, "total_questions": 6, "termine": false, "date_creation": "2026-04-23T14:42:59.335Z", "date_fin": null, "is_retry_mode": false, "parent_quiz": null, "questions": [88, 89, 90, 91, 92, 93]}}, {"model": "Quizapp.quiz", "pk": 61, "fields": {"etudiant": 6, "level": 1, "matiere": null, "score": 8, "total_questions": 10, "termine": false, "date_creation": "2026-04-23T19:32:21.494Z", "date_fin": "2026-04-23T19:34:03.724Z", "is_retry_mode": false, "parent_quiz": null, "questions": [54, 63, 66, 71, 72, 80, 82, 83, 88, 94]}}, {"model": "Quizapp.quiz", "pk": 62, "fields": {"etudiant": 6, "level": 1, "matiere": null, "score": 9, "total_questions": 10, "termine": false, "date_creation": "2026-04-23T19:34:09.367Z", "date_fin": "2026-04-23T19:36:33.949Z", "is_retry_mode": false, "parent_quiz": null, "questions": [53, 54, 55, 71, 72, 80, 81, 83, 89, 90]}}, {"model": "Quizapp.quiz", "pk": 63, "fields": {"etudiant": 6, "level": 1, "matiere": 11, "score": 0, "total_questions": 8, "termine": false, "date_creation": "2026-04-23T19:44:01.836Z", "date_fin": null, "is_retry_mode": false, "parent_quiz": null, "questions": [63, 64, 65, 66, 67, 68, 69, 70]}}, {"model": "Quizapp.quiz", "pk": 64, "fields": {"etudiant": 6, "level": 1, "matiere": null, "score": 10, "total_questions": 10, "termine": false, "date_creation": "2026-04-23T19:53:48.298Z", "date_fin": "2026-04-23T19:55:09.442Z", "is_retry_mode": false, "parent_quiz": null, "questions": [52, 55, 63, 64, 72, 74, 82, 90, 94, 96]}}, {"model": "Quizapp.quiz", "pk": 65, "fields": {"etudiant": 6, "level": 1, "matiere": null, "score": 0, "total_questions": 10, "termine": false, "date_creation": "2026-04-23T19:56:02.164Z", "date_fin": null, "is_retry_mode": false, "parent_quiz": null, "questions": [52, 54, 55, 65, 71, 73, 74, 89, 94, 95]}}, {"model": "Quizapp.quiz", "pk": 66, "fields": {"etudiant": 6, "level": 1, "matiere": null, "score": 0, "total_questions": 10, "termine": false, "date_creation": "2026-04-23T19:56:07.223Z", "date_fin": null, "is_retry_mode": false, "parent_quiz": null, "questions": [64, 65, 66, 71, 74, 80, 83, 88, 90, 94]}}, {"model": "Quizapp.quiz", "pk": 67, "fields": {"etudiant": 6, "level": 1, "matiere": null, "score": 0, "total_questions": 10, "termine": false, "date_creation": "2026-04-23T19:58:12.628Z", "date_fin": null, "is_retry_mode": false, "parent_quiz": null, "questions": [52, 71, 72, 74, 82, 83, 88, 89, 94, 95]}}, {"model": "Quizapp.quiz", "pk": 68, "fields": {"etudiant": 6, "level": 1, "matiere": null, "score": 0, "total_questions": 10, "termine": false, "date_creation": "2026-04-23T20:20:15.819Z", "date_fin": null, "is_retry_mode": false, "parent_quiz": null, "questions": [53, 55, 56, 66, 72, 73, 81, 83, 89, 90]}}, {"model": "Quizapp.quiz", "pk": 69, "fields": {"etudiant": 6, "level": 1, "matiere": null, "score": 0, "total_questions": 10, "termine": false, "date_creation": "2026-04-23T20:20:16.794Z", "date_fin": null, "is_retry_mode": false, "parent_quiz": null, "questions": [52, 53, 64, 65, 66, 71, 72, 74, 83, 96]}}, {"model": "Quizapp.quiz", "pk": 70, "fields": {"etudiant": 6, "level": 1, "matiere": null, "score": 0, "total_questions": 10, "termine": false, "date_creation": "2026-04-25T18:10:56.758Z", "date_fin": null, "is_retry_mode": false, "parent_quiz": null, "questions": [52, 64, 65, 66, 72, 73, 80, 82, 90, 94]}}, {"model": "Quizapp.quiz", "pk": 71, "fields": {"etudiant": 6, "level": 3, "matiere": null, "score": 0, "total_questions": 10, "termine": false, "date_creation": "2026-04-27T03:51:42.181Z", "date_fin": null, "is_retry_mode": false, "parent_quiz": null, "questions": [61, 62, 70, 87, 93, 99, 119, 121, 134, 160]}}, {"model": "Quizapp.quiz", "pk": 72, "fields": {"etudiant": 6, "level": 3, "matiere": null, "score": 0, "total_questions": 10, "termine": false, "date_creation": "2026-04-27T03:51:48.572Z", "date_fin": null, "is_retry_mode": false, "parent_quiz": null, "questions": [70, 79, 87, 99, 107, 108, 110, 134, 141, 160]}}, {"model": "Quizapp.quiz", "pk": 73, "fields": {"etudiant": 6, "level": 3, "matiere": null, "score": 0, "total_questions": 10, "termine": false, "date_creation": "2026-04-27T03:51:53.266Z", "date_fin": null, "is_retry_mode": false, "parent_quiz": null, "questions": [70, 79, 93, 99, 107, 108, 110, 134, 141, 160]}}, {"model": "Quizapp.quiz", "pk": 74, "fields": {"etudiant": 5, "level": 3, "matiere": null, "score": 0, "total_questions": 10, "termine": false, "date_creation": "2026-04-27T03:52:12.846Z", "date_fin": null, "is_retry_mode": false, "parent_quiz": null, "questions": [62, 70, 78, 79, 87, 93, 99, 107, 110, 164]}}, {"model": "Quizapp.quiz", "pk": 75, "fields": {"etudiant": 5, "level": 3, "matiere": null, "score": 0, "total_questions": 10, "termine": false, "date_creation": "2026-04-27T03:54:03.280Z", "date_fin": null, "is_retry_mode": false, "parent_quiz": null, "questions": [87, 99, 108, 110, 119, 121, 134, 141, 160, 164]}}, {"model": "Quizapp.quiz", "pk": 76, "fields": {"etudiant": 5, "level": 3, "matiere": 10, "score": 0, "total_questions": 5, "termine": false, "date_creation": "2026-04-27T03:54:12.118Z", "date_fin": null, "is_retry_mode": false, "parent_quiz": null, "questions": [61, 62, 107, 108, 110]}}, {"model": "Quizapp.quiz", "pk": 77, "fields": {"etudiant": 7, "level": 1, "matiere": null, "score": 0, "total_questions": 10, "termine": false, "date_creation": "2026-04-27T03:54:36.608Z", "date_fin": null, "is_retry_mode": false, "parent_quiz": null, "questions": [52, 64, 83, 89, 100, 117, 127, 133, 148, 153]}}, {"model": "Quizapp.quiz", "pk": 78, "fields": {"etudiant": 7, "level": 1, "matiere": 10, "score": 0, "total_questions": 10, "termine": false, "date_creation": "2026-04-27T03:55:08.908Z", "date_fin": null, "is_retry_mode": false, "parent_quiz": null, "questions": [52, 53, 54, 55, 56, 100, 101, 103, 105, 112]}}, {"model": "Quizapp.quiz", "pk": 79, "fields": {"etudiant": 7, "level": 1, "matiere": 10, "score": 0, "total_questions": 10, "termine": false, "date_creation": "2026-04-27T03:57:42.457Z", "date_fin": null, "is_retry_mode": false, "parent_quiz": null, "questions": [52, 53, 54, 55, 56, 100, 101, 103, 105, 112]}}, {"model": "Quizapp.quiz", "pk": 80, "fields": {"etudiant": 7, "level": 1, "matiere": 10, "score": 0, "total_questions": 0, "termine": false, "date_creation": "2026-04-27T04:10:07.762Z", "date_fin": null, "is_retry_mode": false, "parent_quiz": null, "questions": []}}, {"model": "Quizapp.quiz", "pk": 81, "fields": {"etudiant": 7, "level": 1, "matiere": 10, "score": 0, "total_questions": 0, "termine": false, "date_creation": "2026-04-27T04:10:08.729Z", "date_fin": null, "is_retry_mode": false, "parent_quiz": null, "questions": []}}, {"model": "Quizapp.quiz", "pk": 82, "fields": {"etudiant": 7, "level": 1, "matiere": 10, "score": 0, "total_questions": 3, "termine": false, "date_creation": "2026-04-27T04:11:03.250Z", "date_fin": null, "is_retry_mode": false, "parent_quiz": null, "questions": [52, 56, 101]}}, {"model": "Quizapp.quiz", "pk": 83, "fields": {"etudiant": 7, "level": 1, "matiere": 10, "score": 2, "total_questions": 3, "termine": true, "date_creation": "2026-04-27T04:11:11.512Z", "date_fin": "2026-04-27T04:11:51.008Z", "is_retry_mode": false, "parent_quiz": null, "questions": [52, 56, 101]}}, {"model": "Quizapp.quiz", "pk": 84, "fields": {"etudiant": 7, "level": 1, "matiere": null, "score": 7, "total_questions": 10, "termine": true, "date_creation": "2026-04-27T04:11:55.098Z", "date_fin": "2026-04-27T04:13:38.415Z", "is_retry_mode": false, "parent_quiz": null, "questions": [64, 65, 80, 83, 88, 95, 113, 126, 135, 153]}}, {"model": "Quizapp.quiz", "pk": 85, "fields": {"etudiant": 7, "level": 2, "matiere": null, "score": 7, "total_questions": 10, "termine": true, "date_creation": "2026-04-27T04:13:43.337Z", "date_fin": "2026-04-27T04:15:23.982Z", "is_retry_mode": false, "parent_quiz": null, "questions": [57, 58, 59, 75, 77, 98, 139, 146, 147, 156]}}, {"model": "Quizapp.quiz", "pk": 86, "fields": {"etudiant": 7, "level": 3, "matiere": null, "score": 5, "total_questions": 10, "termine": true, "date_creation": "2026-04-27T04:15:32.581Z", "date_fin": "2026-04-27T04:18:09.136Z", "is_retry_mode": false, "parent_quiz": null, "questions": [61, 70, 78, 79, 87, 93, 107, 110, 119, 164]}}, {"model": "Quizapp.quiz", "pk": 87, "fields": {"etudiant": 7, "level": 4, "matiere": null, "score": 0, "total_questions": 10, "termine": false, "date_creation": "2026-04-27T04:18:12.809Z", "date_fin": null, "is_retry_mode": false, "parent_quiz": null, "questions": [109, 111, 122, 123, 132, 143, 144, 151, 152, 162]}}, {"model": "Quizapp.quiz", "pk": 88, "fields": {"etudiant": 7, "level": 4, "matiere": null, "score": 0, "total_questions": 10, "termine": false, "date_creation": "2026-04-27T04:20:25.830Z", "date_fin": null, "is_retry_mode": false, "parent_quiz": null, "questions": [109, 111, 122, 123, 132, 143, 144, 151, 152, 162]}}, {"model": "Quizapp.quiz", "pk": 89, "fields": {"etudiant": 7, "level": 4, "matiere": null, "score": 0, "total_questions": 10, "termine": false, "date_creation": "2026-04-27T04:20:27.189Z", "date_fin": null, "is_retry_mode": false, "parent_quiz": null, "questions": [109, 111, 122, 123, 132, 143, 144, 151, 152, 162]}}, {"model": "Quizapp.quiz", "pk": 90, "fields": {"etudiant": 7, "level": 4, "matiere": 11, "score": 6, "total_questions": 10, "termine": true, "date_creation": "2026-04-27T04:20:58.538Z", "date_fin": "2026-04-27T04:23:03.313Z", "is_retry_mode": false, "parent_quiz": null, "questions": [66, 67, 68, 114, 115, 117, 118, 120, 121, 123]}}, {"model": "Quizapp.quiz", "pk": 91, "fields": {"etudiant": 7, "level": 4, "matiere": null, "score": 5, "total_questions": 9, "termine": true, "date_creation": "2026-04-27T04:23:12.523Z", "date_fin": "2026-04-27T04:25:50.159Z", "is_retry_mode": false, "parent_quiz": null, "questions": [109, 111, 122, 132, 143, 144, 151, 152, 162]}}, {"model": "Quizapp.quiz", "pk": 92, "fields": {"etudiant": 7, "level": 4, "matiere": 10, "score": 6, "total_questions": 6, "termine": true, "date_creation": "2026-04-27T04:26:03.408Z", "date_fin": "2026-04-27T04:27:27.144Z", "is_retry_mode": false, "parent_quiz": null, "questions": [60, 62, 102, 104, 106, 108]}}, {"model": "Quizapp.quiz", "pk": 93, "fields": {"etudiant": 7, "level": 5, "matiere": null, "score": 0, "total_questions": 10, "termine": false, "date_creation": "2026-04-27T04:28:42.508Z", "date_fin": null, "is_retry_mode": false, "parent_quiz": null, "questions": [82, 85, 89, 92, 94, 97, 127, 141, 158, 160]}}, {"model": "Quizapp.quiz", "pk": 94, "fields": {"etudiant": 2, "level": 1, "matiere": null, "score": 9, "total_questions": 10, "termine": true, "date_creation": "2026-04-27T04:34:48.820Z", "date_fin": "2026-04-27T04:35:54.254Z", "is_retry_mode": false, "parent_quiz": null, "questions": [55, 63, 65, 66, 88, 95, 128, 149, 153, 154]}}, {"model": "Quizapp.quiz", "pk": 95, "fields": {"etudiant": 2, "level": 2, "matiere": null, "score": 5, "total_questions": 10, "termine": true, "date_creation": "2026-04-27T04:36:02.458Z", "date_fin": "2026-04-27T04:37:16.361Z", "is_retry_mode": false, "parent_quiz": null, "questions": [58, 60, 68, 102, 120, 129, 136, 137, 145, 161]}}, {"model": "Quizapp.quiz", "pk": 96, "fields": {"etudiant": 2, "level": 3, "matiere": null, "score": 0, "total_questions": 10, "termine": false, "date_creation": "2026-04-27T04:39:55.276Z", "date_fin": null, "is_retry_mode": false, "parent_quiz": null, "questions": [78, 79, 87, 93, 99, 107, 108, 121, 134, 141]}}, {"model": "Quizapp.quiz", "pk": 97, "fields": {"etudiant": 2, "level": 3, "matiere": null, "score": 0, "total_questions": 10, "termine": false, "date_creation": "2026-04-27T04:40:06.545Z", "date_fin": null, "is_retry_mode": false, "parent_quiz": null, "questions": [61, 62, 70, 78, 87, 107, 110, 134, 141, 160]}}, {"model": "Quizapp.quiz", "pk": 98, "fields": {"etudiant": 2, "level": 3, "matiere": null, "score": 6, "total_questions": 10, "termine": true, "date_creation": "2026-04-27T04:40:11.311Z", "date_fin": "2026-04-27T04:41:39.897Z", "is_retry_mode": false, "parent_quiz": null, "questions": [62, 79, 87, 93, 99, 108, 119, 121, 160, 164]}}, {"model": "Quizapp.quiz", "pk": 99, "fields": {"etudiant": 2, "level": 4, "matiere": null, "score": 0, "total_questions": 10, "termine": false, "date_creation": "2026-04-27T04:43:37.543Z", "date_fin": null, "is_retry_mode": false, "parent_quiz": null, "questions": [109, 111, 122, 123, 132, 143, 144, 151, 152, 162]}}, {"model": "Quizapp.quiz", "pk": 100, "fields": {"etudiant": 2, "level": 4, "matiere": null, "score": 0, "total_questions": 10, "termine": false, "date_creation": "2026-04-27T04:43:47.136Z", "date_fin": null, "is_retry_mode": false, "parent_quiz": null, "questions": [109, 111, 122, 123, 132, 143, 144, 151, 152, 162]}}, {"model": "Quizapp.quiz", "pk": 101, "fields": {"etudiant": 2, "level": 4, "matiere": null, "score": 1, "total_questions": 9, "termine": true, "date_creation": "2026-04-27T04:47:13.063Z", "date_fin": "2026-04-27T04:47:30.956Z", "is_retry_mode": false, "parent_quiz": null, "questions": [109, 111, 122, 123, 132, 143, 144, 152, 162]}}, {"model": "Quizapp.quiz", "pk": 102, "fields": {"etudiant": 2, "level": 4, "matiere": null, "score": 1, "total_questions": 7, "termine": true, "date_creation": "2026-04-27T04:47:36.695Z", "date_fin": "2026-04-27T04:48:03.711Z", "is_retry_mode": false, "parent_quiz": null, "questions": [109, 111, 122, 132, 143, 144, 162]}}, {"model": "Quizapp.quiz", "pk": 103, "fields": {"etudiant": 2, "level": 4, "matiere": null, "score": 1, "total_questions": 10, "termine": true, "date_creation": "2026-04-27T04:48:09.042Z", "date_fin": "2026-04-27T04:48:17.367Z", "is_retry_mode": false, "parent_quiz": null, "questions": [90, 94, 107, 130, 132, 135, 140, 141, 142, 158]}}, {"model": "Quizapp.quiz", "pk": 104, "fields": {"etudiant": 2, "level": 4, "matiere": null, "score": 0, "total_questions": 10, "termine": true, "date_creation": "2026-04-27T04:53:15.404Z", "date_fin": "2026-04-27T04:54:30.576Z", "is_retry_mode": false, "parent_quiz": null, "questions": [54, 67, 70, 83, 98, 105, 111, 114, 130, 146]}}, {"model": "Quizapp.quiz", "pk": 105, "fields": {"etudiant": 2, "level": 4, "matiere": null, "score": 0, "total_questions": 10, "termine": true, "date_creation": "2026-04-27T04:54:30.554Z", "date_fin": "2026-04-27T04:54:39.078Z", "is_retry_mode": false, "parent_quiz": null, "questions": [59, 64, 73, 81, 85, 86, 105, 106, 116, 130]}}, {"model": "Quizapp.quiz", "pk": 106, "fields": {"etudiant": 2, "level": 4, "matiere": null, "score": 0, "total_questions": 10, "termine": true, "date_creation": "2026-04-27T04:56:40.414Z", "date_fin": "2026-04-27T04:56:42.814Z", "is_retry_mode": false, "parent_quiz": null, "questions": [53, 56, 57, 61, 81, 84, 103, 107, 118, 124]}}, {"model": "Quizapp.quiz", "pk": 107, "fields": {"etudiant": 2, "level": 4, "matiere": null, "score": 2, "total_questions": 10, "termine": true, "date_creation": "2026-04-27T04:58:02.597Z", "date_fin": "2026-04-27T04:58:34.571Z", "is_retry_mode": false, "parent_quiz": null, "questions": [57, 69, 70, 73, 90, 91, 100, 116, 132, 159]}}, {"model": "Quizapp.quiz", "pk": 108, "fields": {"etudiant": 2, "level": 4, "matiere": null, "score": 0, "total_questions": 10, "termine": true, "date_creation": "2026-04-27T05:01:47.279Z", "date_fin": "2026-04-27T05:02:55.140Z", "is_retry_mode": false, "parent_quiz": null, "questions": [53, 61, 82, 85, 103, 107, 118, 122, 126, 146]}}, {"model": "Quizapp.quiz", "pk": 109, "fields": {"etudiant": 2, "level": 4, "matiere": null, "score": 0, "total_questions": 10, "termine": true, "date_creation": "2026-04-27T05:02:55.116Z", "date_fin": "2026-04-27T05:02:56.147Z", "is_retry_mode": false, "parent_quiz": null, "questions": [72, 77, 98, 116, 118, 133, 134, 139, 146, 147]}}, {"model": "Quizapp.quiz", "pk": 110, "fields": {"etudiant": 2, "level": 4, "matiere": null, "score": 0, "total_questions": 0, "termine": false, "date_creation": "2026-04-27T05:02:56.117Z", "date_fin": null, "is_retry_mode": false, "parent_quiz": null, "questions": []}}, {"model": "Quizapp.quiz", "pk": 111, "fields": {"etudiant": 2, "level": 4, "matiere": null, "score": 0, "total_questions": 10, "termine": true, "date_creation": "2026-04-27T05:04:20.544Z", "date_fin": "2026-04-27T05:04:25.392Z", "is_retry_mode": false, "parent_quiz": null, "questions": [56, 71, 74, 75, 82, 106, 115, 125, 132, 158]}}, {"model": "Quizapp.quiz", "pk": 112, "fields": {"etudiant": 2, "level": 4, "matiere": null, "score": 0, "total_questions": 10, "termine": true, "date_creation": "2026-04-27T05:04:25.395Z", "date_fin": "2026-04-27T05:04:31.563Z", "is_retry_mode": false, "parent_quiz": null, "questions": [71, 78, 82, 90, 91, 114, 132, 138, 148, 157]}}, {"model": "Quizapp.quiz", "pk": 113, "fields": {"etudiant": 2, "level": 4, "matiere": null, "score": 0, "total_questions": 10, "termine": true, "date_creation": "2026-04-27T05:08:01.243Z", "date_fin": "2026-04-27T05:08:19.050Z", "is_retry_mode": false, "parent_quiz": null, "questions": [52, 54, 75, 90, 91, 103, 107, 130, 147, 155]}}, {"model": "Quizapp.quiz", "pk": 114, "fields": {"etudiant": 5, "level": 3, "matiere": 10, "score": 2, "total_questions": 5, "termine": true, "date_creation": "2026-04-28T20:31:46.474Z", "date_fin": "2026-04-28T20:32:02.788Z", "is_retry_mode": false, "parent_quiz": null, "questions": [61, 62, 107, 108, 110]}}, {"model": "Quizapp.quiz", "pk": 115, "fields": {"etudiant": 5, "level": 3, "matiere": 10, "score": 8, "total_questions": 10, "termine": true, "date_creation": "2026-04-28T21:41:50.573Z", "date_fin": "2026-04-28T21:45:02.085Z", "is_retry_mode": false, "parent_quiz": null, "questions": [54, 58, 59, 100, 101, 104, 106, 107, 110, 112]}}, {"model": "Quizapp.reponse", "pk": 17, "fields": {"quiz": 46, "question": 64, "valeur": null, "est_correcte": true}}, {"model": "Quizapp.reponse", "pk": 18, "fields": {"quiz": 46, "question": 56, "valeur": null, "est_correcte": true}}, {"model": "Quizapp.reponse", "pk": 19, "fields": {"quiz": 49, "question": 66, "valeur": null, "est_correcte": true}}, {"model": "Quizapp.reponse", "pk": 20, "fields": {"quiz": 49, "question": 81, "valeur": null, "est_correcte": true}}, {"model": "Quizapp.reponse", "pk": 21, "fields": {"quiz": 49, "question": 52, "valeur": null, "est_correcte": true}}, {"model": "Quizapp.reponse", "pk": 22, "fields": {"quiz": 49, "question": 53, "valeur": null, "est_correcte": false}}, {"model": "Quizapp.reponse", "pk": 23, "fields": {"quiz": 49, "question": 55, "valeur": null, "est_correcte": true}}, {"model": "Quizapp.reponse", "pk": 24, "fields": {"quiz": 49, "question": 72, "valeur": null, "est_correcte": true}}, {"model": "Quizapp.reponse", "pk": 25, "fields": {"quiz": 49, "question": 74, "valeur": null, "est_correcte": true}}, {"model": "Quizapp.reponse", "pk": 26, "fields": {"quiz": 49, "question": 90, "valeur": null, "est_correcte": true}}, {"model": "Quizapp.reponse", "pk": 27, "fields": {"quiz": 49, "question": 94, "valeur": null, "est_correcte": true}}, {"model": "Quizapp.reponse", "pk": 28, "fields": {"quiz": 49, "question": 95, "valeur": null, "est_correcte": true}}, {"model": "Quizapp.reponse", "pk": 29, "fields": {"quiz": 61, "question": 88, "valeur": null, "est_correcte": false}}, {"model": "Quizapp.reponse", "pk": 30, "fields": {"quiz": 61, "question": 72, "valeur": null, "est_correcte": true}}, {"model": "Quizapp.reponse", "pk": 31, "fields": {"quiz": 61, "question": 63, "valeur": null, "est_correcte": true}}, {"model": "Quizapp.reponse", "pk": 32, "fields": {"quiz": 61, "question": 71, "valeur": null, "est_correcte": true}}, {"model": "Quizapp.reponse", "pk": 33, "fields": {"quiz": 61, "question": 66, "valeur": null, "est_correcte": true}}, {"model": "Quizapp.reponse", "pk": 34, "fields": {"quiz": 61, "question": 80, "valeur": null, "est_correcte": true}}, {"model": "Quizapp.reponse", "pk": 35, "fields": {"quiz": 61, "question": 94, "valeur": null, "est_correcte": true}}, {"model": "Quizapp.reponse", "pk": 36, "fields": {"quiz": 61, "question": 82, "valeur": null, "est_correcte": false}}, {"model": "Quizapp.reponse", "pk": 37, "fields": {"quiz": 61, "question": 54, "valeur": null, "est_correcte": true}}, {"model": "Quizapp.reponse", "pk": 38, "fields": {"quiz": 61, "question": 83, "valeur": null, "est_correcte": true}}, {"model": "Quizapp.reponse", "pk": 39, "fields": {"quiz": 62, "question": 81, "valeur": null, "est_correcte": true}}, {"model": "Quizapp.reponse", "pk": 40, "fields": {"quiz": 62, "question": 80, "valeur": null, "est_correcte": true}}, {"model": "Quizapp.reponse", "pk": 41, "fields": {"quiz": 62, "question": 55, "valeur": null, "est_correcte": true}}, {"model": "Quizapp.reponse", "pk": 42, "fields": {"quiz": 62, "question": 83, "valeur": null, "est_correcte": false}}, {"model": "Quizapp.reponse", "pk": 43, "fields": {"quiz": 62, "question": 71, "valeur": null, "est_correcte": true}}, {"model": "Quizapp.reponse", "pk": 44, "fields": {"quiz": 62, "question": 89, "valeur": null, "est_correcte": true}}, {"model": "Quizapp.reponse", "pk": 45, "fields": {"quiz": 62, "question": 53, "valeur": null, "est_correcte": true}}, {"model": "Quizapp.reponse", "pk": 46, "fields": {"quiz": 62, "question": 54, "valeur": null, "est_correcte": true}}, {"model": "Quizapp.reponse", "pk": 47, "fields": {"quiz": 62, "question": 90, "valeur": null, "est_correcte": true}}, {"model": "Quizapp.reponse", "pk": 48, "fields": {"quiz": 62, "question": 72, "valeur": null, "est_correcte": true}}, {"model": "Quizapp.reponse", "pk": 49, "fields": {"quiz": 64, "question": 96, "valeur": null, "est_correcte": true}}, {"model": "Quizapp.reponse", "pk": 50, "fields": {"quiz": 64, "question": 72, "valeur": null, "est_correcte": true}}, {"model": "Quizapp.reponse", "pk": 51, "fields": {"quiz": 64, "question": 52, "valeur": null, "est_correcte": true}}, {"model": "Quizapp.reponse", "pk": 52, "fields": {"quiz": 64, "question": 82, "valeur": null, "est_correcte": true}}, {"model": "Quizapp.reponse", "pk": 53, "fields": {"quiz": 64, "question": 63, "valeur": null, "est_correcte": true}}, {"model": "Quizapp.reponse", "pk": 54, "fields": {"quiz": 64, "question": 94, "valeur": null, "est_correcte": true}}, {"model": "Quizapp.reponse", "pk": 55, "fields": {"quiz": 64, "question": 74, "valeur": null, "est_correcte": true}}, {"model": "Quizapp.reponse", "pk": 56, "fields": {"quiz": 64, "question": 55, "valeur": null, "est_correcte": true}}, {"model": "Quizapp.reponse", "pk": 57, "fields": {"quiz": 64, "question": 64, "valeur": null, "est_correcte": true}}, {"model": "Quizapp.reponse", "pk": 58, "fields": {"quiz": 64, "question": 90, "valeur": null, "est_correcte": true}}, {"model": "Quizapp.reponse", "pk": 59, "fields": {"quiz": 79, "question": 103, "valeur": "A", "est_correcte": false}}, {"model": "Quizapp.reponse", "pk": 60, "fields": {"quiz": 79, "question": 54, "valeur": "B", "est_correcte": true}}, {"model": "Quizapp.reponse", "pk": 61, "fields": {"quiz": 79, "question": 100, "valeur": "B", "est_correcte": true}}, {"model": "Quizapp.reponse", "pk": 62, "fields": {"quiz": 79, "question": 105, "valeur": "true", "est_correcte": false}}, {"model": "Quizapp.reponse", "pk": 63, "fields": {"quiz": 79, "question": 55, "valeur": "B", "est_correcte": true}}, {"model": "Quizapp.reponse", "pk": 64, "fields": {"quiz": 79, "question": 112, "valeur": "true", "est_correcte": false}}, {"model": "Quizapp.reponse", "pk": 65, "fields": {"quiz": 79, "question": 53, "valeur": "B", "est_correcte": true}}, {"model": "Quizapp.reponse", "pk": 66, "fields": {"quiz": 83, "question": 52, "valeur": "C", "est_correcte": false}}, {"model": "Quizapp.reponse", "pk": 67, "fields": {"quiz": 83, "question": 101, "valeur": "B", "est_correcte": true}}, {"model": "Quizapp.reponse", "pk": 68, "fields": {"quiz": 83, "question": 56, "valeur": "C", "est_correcte": true}}, {"model": "Quizapp.reponse", "pk": 69, "fields": {"quiz": 84, "question": 88, "valeur": "A", "est_correcte": false}}, {"model": "Quizapp.reponse", "pk": 70, "fields": {"quiz": 84, "question": 126, "valeur": "true", "est_correcte": false}}, {"model": "Quizapp.reponse", "pk": 71, "fields": {"quiz": 84, "question": 95, "valeur": "B", "est_correcte": true}}, {"model": "Quizapp.reponse", "pk": 72, "fields": {"quiz": 84, "question": 83, "valeur": "C", "est_correcte": false}}, {"model": "Quizapp.reponse", "pk": 73, "fields": {"quiz": 84, "question": 64, "valeur": "C", "est_correcte": true}}, {"model": "Quizapp.reponse", "pk": 74, "fields": {"quiz": 84, "question": 135, "valeur": "C", "est_correcte": true}}, {"model": "Quizapp.reponse", "pk": 75, "fields": {"quiz": 84, "question": 153, "valeur": "C", "est_correcte": true}}, {"model": "Quizapp.reponse", "pk": 76, "fields": {"quiz": 84, "question": 80, "valeur": "C", "est_correcte": true}}, {"model": "Quizapp.reponse", "pk": 77, "fields": {"quiz": 84, "question": 113, "valeur": "C", "est_correcte": true}}, {"model": "Quizapp.reponse", "pk": 78, "fields": {"quiz": 84, "question": 65, "valeur": "B", "est_correcte": true}}, {"model": "Quizapp.reponse", "pk": 79, "fields": {"quiz": 85, "question": 98, "valeur": "true", "est_correcte": false}}, {"model": "Quizapp.reponse", "pk": 80, "fields": {"quiz": 85, "question": 57, "valeur": "true", "est_correcte": true}}, {"model": "Quizapp.reponse", "pk": 81, "fields": {"quiz": 85, "question": 139, "valeur": "B", "est_correcte": true}}, {"model": "Quizapp.reponse", "pk": 82, "fields": {"quiz": 85, "question": 77, "valeur": "false", "est_correcte": false}}, {"model": "Quizapp.reponse", "pk": 83, "fields": {"quiz": 85, "question": 59, "valeur": "false", "est_correcte": true}}, {"model": "Quizapp.reponse", "pk": 84, "fields": {"quiz": 85, "question": 58, "valeur": "true", "est_correcte": true}}, {"model": "Quizapp.reponse", "pk": 85, "fields": {"quiz": 85, "question": 156, "valeur": "C", "est_correcte": true}}, {"model": "Quizapp.reponse", "pk": 86, "fields": {"quiz": 85, "question": 75, "valeur": "true", "est_correcte": true}}, {"model": "Quizapp.reponse", "pk": 87, "fields": {"quiz": 85, "question": 147, "valeur": "true", "est_correcte": false}}, {"model": "Quizapp.reponse", "pk": 88, "fields": {"quiz": 85, "question": 146, "valeur": "B", "est_correcte": true}}, {"model": "Quizapp.reponse", "pk": 89, "fields": {"quiz": 86, "question": 93, "valeur": "je ne sais pas", "est_correcte": false}}, {"model": "Quizapp.reponse", "pk": 90, "fields": {"quiz": 86, "question": 107, "valeur": "true", "est_correcte": false}}, {"model": "Quizapp.reponse", "pk": 91, "fields": {"quiz": 86, "question": 110, "valeur": "C", "est_correcte": true}}, {"model": "Quizapp.reponse", "pk": 92, "fields": {"quiz": 86, "question": 87, "valeur": "je ne sais pas", "est_correcte": false}}, {"model": "Quizapp.reponse", "pk": 93, "fields": {"quiz": 86, "question": 78, "valeur": "Fe", "est_correcte": true}}, {"model": "Quizapp.reponse", "pk": 94, "fields": {"quiz": 86, "question": 119, "valeur": "B", "est_correcte": true}}, {"model": "Quizapp.reponse", "pk": 95, "fields": {"quiz": 86, "question": 70, "valeur": "d/t", "est_correcte": false}}, {"model": "Quizapp.reponse", "pk": 96, "fields": {"quiz": 86, "question": 164, "valeur": "true", "est_correcte": false}}, {"model": "Quizapp.reponse", "pk": 97, "fields": {"quiz": 86, "question": 61, "valeur": "30", "est_correcte": true}}, {"model": "Quizapp.reponse", "pk": 98, "fields": {"quiz": 86, "question": 79, "valeur": "1", "est_correcte": true}}, {"model": "Quizapp.reponse", "pk": 99, "fields": {"quiz": 90, "question": 121, "valeur": "B", "est_correcte": true}}, {"model": "Quizapp.reponse", "pk": 100, "fields": {"quiz": 90, "question": 114, "valeur": "B", "est_correcte": true}}, {"model": "Quizapp.reponse", "pk": 101, "fields": {"quiz": 90, "question": 123, "valeur": "true", "est_correcte": false}}, {"model": "Quizapp.reponse", "pk": 102, "fields": {"quiz": 90, "question": 67, "valeur": "true", "est_correcte": false}}, {"model": "Quizapp.reponse", "pk": 103, "fields": {"quiz": 90, "question": 68, "valeur": "false", "est_correcte": true}}, {"model": "Quizapp.reponse", "pk": 104, "fields": {"quiz": 90, "question": 117, "valeur": "B", "est_correcte": true}}, {"model": "Quizapp.reponse", "pk": 105, "fields": {"quiz": 90, "question": 66, "valeur": "A", "est_correcte": false}}, {"model": "Quizapp.reponse", "pk": 106, "fields": {"quiz": 90, "question": 115, "valeur": "false", "est_correcte": true}}, {"model": "Quizapp.reponse", "pk": 107, "fields": {"quiz": 90, "question": 118, "valeur": "C", "est_correcte": true}}, {"model": "Quizapp.reponse", "pk": 108, "fields": {"quiz": 90, "question": 120, "valeur": "true", "est_correcte": false}}, {"model": "Quizapp.reponse", "pk": 109, "fields": {"quiz": 91, "question": 144, "valeur": "true", "est_correcte": false}}, {"model": "Quizapp.reponse", "pk": 110, "fields": {"quiz": 91, "question": 162, "valeur": "C", "est_correcte": false}}, {"model": "Quizapp.reponse", "pk": 111, "fields": {"quiz": 91, "question": 143, "valeur": "false", "est_correcte": true}}, {"model": "Quizapp.reponse", "pk": 112, "fields": {"quiz": 91, "question": 109, "valeur": "C", "est_correcte": true}}, {"model": "Quizapp.reponse", "pk": 113, "fields": {"quiz": 91, "question": 122, "valeur": "C", "est_correcte": true}}, {"model": "Quizapp.reponse", "pk": 114, "fields": {"quiz": 91, "question": 151, "valeur": "B", "est_correcte": true}}, {"model": "Quizapp.reponse", "pk": 115, "fields": {"quiz": 91, "question": 111, "valeur": "A", "est_correcte": false}}, {"model": "Quizapp.reponse", "pk": 116, "fields": {"quiz": 91, "question": 152, "valeur": "B", "est_correcte": true}}, {"model": "Quizapp.reponse", "pk": 117, "fields": {"quiz": 91, "question": 132, "valeur": "C", "est_correcte": false}}, {"model": "Quizapp.reponse", "pk": 118, "fields": {"quiz": 92, "question": 104, "valeur": "C", "est_correcte": true}}, {"model": "Quizapp.reponse", "pk": 119, "fields": {"quiz": 92, "question": 108, "valeur": "B", "est_correcte": true}}, {"model": "Quizapp.reponse", "pk": 120, "fields": {"quiz": 92, "question": 102, "valeur": "C", "est_correcte": true}}, {"model": "Quizapp.reponse", "pk": 121, "fields": {"quiz": 92, "question": 62, "valeur": "6", "est_correcte": true}}, {"model": "Quizapp.reponse", "pk": 122, "fields": {"quiz": 92, "question": 60, "valeur": "false", "est_correcte": true}}, {"model": "Quizapp.reponse", "pk": 123, "fields": {"quiz": 92, "question": 106, "valeur": "false", "est_correcte": true}}, {"model": "Quizapp.reponse", "pk": 124, "fields": {"quiz": 94, "question": 55, "valeur": "B", "est_correcte": true}}, {"model": "Quizapp.reponse", "pk": 125, "fields": {"quiz": 94, "question": 128, "valeur": "A", "est_correcte": false}}, {"model": "Quizapp.reponse", "pk": 126, "fields": {"quiz": 94, "question": 88, "valeur": "C", "est_correcte": true}}, {"model": "Quizapp.reponse", "pk": 127, "fields": {"quiz": 94, "question": 149, "valeur": "B", "est_correcte": true}}, {"model": "Quizapp.reponse", "pk": 128, "fields": {"quiz": 94, "question": 95, "valeur": "B", "est_correcte": true}}, {"model": "Quizapp.reponse", "pk": 129, "fields": {"quiz": 94, "question": 66, "valeur": "B", "est_correcte": true}}, {"model": "Quizapp.reponse", "pk": 130, "fields": {"quiz": 94, "question": 63, "valeur": "A", "est_correcte": true}}, {"model": "Quizapp.reponse", "pk": 131, "fields": {"quiz": 94, "question": 154, "valeur": "B", "est_correcte": true}}, {"model": "Quizapp.reponse", "pk": 132, "fields": {"quiz": 94, "question": 65, "valeur": "B", "est_correcte": true}}, {"model": "Quizapp.reponse", "pk": 133, "fields": {"quiz": 94, "question": 153, "valeur": "C", "est_correcte": true}}, {"model": "Quizapp.reponse", "pk": 134, "fields": {"quiz": 95, "question": 102, "valeur": "C", "est_correcte": true}}, {"model": "Quizapp.reponse", "pk": 135, "fields": {"quiz": 95, "question": 161, "valeur": "B", "est_correcte": true}}, {"model": "Quizapp.reponse", "pk": 136, "fields": {"quiz": 95, "question": 58, "valeur": "false", "est_correcte": false}}, {"model": "Quizapp.reponse", "pk": 137, "fields": {"quiz": 95, "question": 137, "valeur": "true", "est_correcte": false}}, {"model": "Quizapp.reponse", "pk": 138, "fields": {"quiz": 95, "question": 60, "valeur": "false", "est_correcte": true}}, {"model": "Quizapp.reponse", "pk": 139, "fields": {"quiz": 95, "question": 129, "valeur": "B", "est_correcte": true}}, {"model": "Quizapp.reponse", "pk": 140, "fields": {"quiz": 95, "question": 145, "valeur": "B", "est_correcte": false}}, {"model": "Quizapp.reponse", "pk": 141, "fields": {"quiz": 95, "question": 136, "valeur": "D", "est_correcte": false}}, {"model": "Quizapp.reponse", "pk": 142, "fields": {"quiz": 95, "question": 68, "valeur": "false", "est_correcte": true}}, {"model": "Quizapp.reponse", "pk": 143, "fields": {"quiz": 95, "question": 120, "valeur": "true", "est_correcte": false}}, {"model": "Quizapp.reponse", "pk": 144, "fields": {"quiz": 98, "question": 99, "valeur": "la Russie", "est_correcte": false}}, {"model": "Quizapp.reponse", "pk": 145, "fields": {"quiz": 98, "question": 62, "valeur": "9", "est_correcte": false}}, {"model": "Quizapp.reponse", "pk": 146, "fields": {"quiz": 98, "question": 87, "valeur": "Fe", "est_correcte": false}}, {"model": "Quizapp.reponse", "pk": 147, "fields": {"quiz": 98, "question": 164, "valeur": "false", "est_correcte": true}}, {"model": "Quizapp.reponse", "pk": 148, "fields": {"quiz": 98, "question": 119, "valeur": "B", "est_correcte": true}}, {"model": "Quizapp.reponse", "pk": 149, "fields": {"quiz": 98, "question": 160, "valeur": "A", "est_correcte": true}}, {"model": "Quizapp.reponse", "pk": 150, "fields": {"quiz": 98, "question": 93, "valeur": "platon", "est_correcte": false}}, {"model": "Quizapp.reponse", "pk": 151, "fields": {"quiz": 98, "question": 79, "valeur": "1", "est_correcte": true}}, {"model": "Quizapp.reponse", "pk": 152, "fields": {"quiz": 98, "question": 121, "valeur": "B", "est_correcte": true}}, {"model": "Quizapp.reponse", "pk": 153, "fields": {"quiz": 98, "question": 108, "valeur": "B", "est_correcte": true}}, {"model": "Quizapp.reponse", "pk": 154, "fields": {"quiz": 100, "question": 151, "valeur": "B", "est_correcte": true}}, {"model": "Quizapp.reponse", "pk": 155, "fields": {"quiz": 101, "question": 123, "valeur": "true", "est_correcte": false}}, {"model": "Quizapp.reponse", "pk": 156, "fields": {"quiz": 101, "question": 152, "valeur": "B", "est_correcte": true}}, {"model": "Quizapp.reponse", "pk": 157, "fields": {"quiz": 102, "question": 144, "valeur": "true", "est_correcte": false}}, {"model": "Quizapp.reponse", "pk": 158, "fields": {"quiz": 102, "question": 143, "valeur": "true", "est_correcte": false}}, {"model": "Quizapp.reponse", "pk": 159, "fields": {"quiz": 102, "question": 109, "valeur": "C", "est_correcte": true}}, {"model": "Quizapp.reponse", "pk": 160, "fields": {"quiz": 103, "question": 135, "valeur": "C", "est_correcte": true}}, {"model": "Quizapp.reponse", "pk": 161, "fields": {"quiz": 107, "question": 57, "valeur": "true", "est_correcte": true}}, {"model": "Quizapp.reponse", "pk": 162, "fields": {"quiz": 107, "question": 69, "valeur": "true", "est_correcte": true}}, {"model": "Quizapp.reponse", "pk": 163, "fields": {"quiz": 114, "question": 108, "valeur": "B", "est_correcte": true}}, {"model": "Quizapp.reponse", "pk": 164, "fields": {"quiz": 114, "question": 62, "valeur": "6", "est_correcte": true}}, {"model": "Quizapp.reponse", "pk": 165, "fields": {"quiz": 114, "question": 61, "valeur": "1", "est_correcte": false}}, {"model": "Quizapp.reponse", "pk": 166, "fields": {"quiz": 115, "question": 54, "valeur": "B", "est_correcte": true}}, {"model": "Quizapp.reponse", "pk": 167, "fields": {"quiz": 115, "question": 107, "valeur": "false", "est_correcte": true}}, {"model": "Quizapp.reponse", "pk": 168, "fields": {"quiz": 115, "question": 100, "valeur": "B", "est_correcte": true}}, {"model": "Quizapp.reponse", "pk": 169, "fields": {"quiz": 115, "question": 104, "valeur": "C", "est_correcte": true}}, {"model": "Quizapp.reponse", "pk": 170, "fields": {"quiz": 115, "question": 101, "valeur": "B", "est_correcte": true}}, {"model": "Quizapp.reponse", "pk": 171, "fields": {"quiz": 115, "question": 58, "valeur": "true", "est_correcte": true}}, {"model": "Quizapp.reponse", "pk": 172, "fields": {"quiz": 115, "question": 110, "valeur": "C", "est_correcte": true}}, {"model": "Quizapp.reponse", "pk": 173, "fields": {"quiz": 115, "question": 106, "valeur": "false", "est_correcte": true}}, {"model": "Quizapp.reponse", "pk": 174, "fields": {"quiz": 115, "question": 112, "valeur": "true", "est_correcte": false}}, {"model": "Quizapp.reponse", "pk": 175, "fields": {"quiz": 115, "question": 59, "valeur": "true", "est_correcte": false}}, {"model": "Quizapp.payment", "pk": 1, "fields": {"etudiant": 6, "level": 3, "amount": 150, "status": "completed", "reference": "PAY-5660D1768D5A", "date_creation": "2026-04-25T18:35:05.794Z", "date_completion": "2026-04-27T03:49:09.044Z"}}, {"model": "Quizapp.payment", "pk": 2, "fields": {"etudiant": 8, "level": 1, "amount": 100, "status": "completed", "reference": "PAY-DD17FF0DA738", "date_creation": "2026-04-25T18:50:18.622Z", "date_completion": "2026-04-27T03:49:09.028Z"}}, {"model": "Quizapp.payment", "pk": 3, "fields": {"etudiant": 5, "level": 3, "amount": 150, "status": "completed", "reference": "PAY-CBC25D1352E0", "date_creation": "2026-04-25T19:06:38.406Z", "date_completion": "2026-04-27T03:49:09.003Z"}}, {"model": "Quizapp.payment", "pk": 4, "fields": {"etudiant": 1, "level": 1, "amount": 100, "status": "completed", "reference": "PAY-2EC264F39DD1", "date_creation": "2026-04-25T19:11:01.729Z", "date_completion": "2026-04-27T03:49:08.991Z"}}, {"model": "Quizapp.payment", "pk": 5, "fields": {"etudiant": 7, "level": 5, "amount": 300, "status": "completed", "reference": "PAY-706F141263", "date_creation": "2026-04-27T04:27:39.265Z", "date_completion": "2026-04-27T04:28:29.148Z"}}, {"model": "Quizapp.payment", "pk": 6, "fields": {"etudiant": 2, "level": 3, "amount": 150, "status": "completed", "reference": "PAY-CDCD5E9D7E", "date_creation": "2026-04-27T04:38:52.730Z", "date_completion": "2026-04-27T04:39:34.287Z"}}, {"model": "Quizapp.payment", "pk": 7, "fields": {"etudiant": 2, "level": 4, "amount": 200, "status": "completed", "reference": "PAY-2F3EE9158E", "date_creation": "2026-04-27T04:42:49.134Z", "date_completion": "2026-04-27T04:43:15.533Z"}}, {"model": "Quizapp.conversation", "pk": 6, "fields": {"etudiant": 6, "titre": "je veux que tu genere un plan pour la dissertation...", "date_creation": "2026-04-23T03:44:26.894Z", "date_modification": "2026-04-23T03:45:16.381Z"}}, {"model": "Quizapp.conversation", "pk": 14, "fields": {"etudiant": 5, "titre": "faire un plan de dissertation pour moi", "date_creation": "2026-04-26T00:02:15.961Z", "date_modification": "2026-04-26T00:03:01.638Z"}}, {"model": "Quizapp.conversation", "pk": 17, "fields": {"etudiant": 2, "titre": "Nouvelle conversation", "date_creation": "2026-04-27T05:09:12.929Z", "date_modification": "2026-04-27T05:09:12.929Z"}}, {"model": "Quizapp.message", "pk": 5, "fields": {"conversation": 6, "role": "user", "contenu": "je veux que tu genere un plan pour la dissertation pour moi", "timestamp": "2026-04-23T03:45:16.372Z"}}, {"model": "Quizapp.message", "pk": 6, "fields": {"conversation": 6, "role": "assistant", "contenu": "Absolument ! Pour générer un plan de dissertation qui développe une position nuancée avec analyse, il est essentiel de choisir un sujet qui offre une certaine complexité et ne se prête pas à une réponse simple.\n\nJe vais vous proposer un sujet qui correspond parfaitement à ce type d'exercice :\n\n---\n\n**SUJET PROPOSÉ:** **\"Les nouvelles technologies sont-elles un atout ou une menace pour la démocratie ?\"**\n\n---\n\n### 1. Reformulation du sujet\n\nDans quelle mesure les avancées technologiques contemporaines, en particulier le numérique et l'intelligence artificielle, transforment-elles la nature et la pratique de la démocratie, et quels défis et opportunités cette transformation représente-t-elle pour ses principes fondamentaux et son avenir ? Il s'agit d'analyser l'ambivalence de leur impact.\n\n### 2. L'enjeu principal\n\nL'enjeu majeur réside dans la capacité des sociétés démocratiques à adapter leurs structures et leurs valeurs face à la puissance transformatrice des technologies, afin de préserver et de revitaliser les principes de participation citoyenne, de délibération éclairée et de souveraineté populaire, sans succomber aux risques de polarisation, de désinformation ou de surveillance. L'équilibre entre progrès et préservation des libertés est au cœur de cet enjeu.\n\n### 3. Thèse proposée\n\nBien que les nouvelles technologies offrent des opportunités inédites de renforcement de la participation citoyenne, de transparence démocratique et d'accès à l'information, elles posent également des défis fondamentaux à la cohésion sociale, à la fiabilité de l'information et à la protection des libertés individuelles. Leur impact est donc intrinsèquement ambivalent, et l'avenir de la démocratie à l'ère numérique dépendra crucialement de notre capacité collective à les réguler éthiquement et politiquement, afin que leur potentiel serve réellement l'approfondissement de la démocratie plutôt que son affaiblissement.\n\n### 4. Plan détaillé\n\n#### Partie I: Les technologies comme catalyseur de la participation et de la transparence démocratique\n\n*   **1.1. L'accès élargi à l'information et la facilitation de l'éducation civique:**\n    *   Internet comme source d'information illimitée (open data, accès aux savoirs).\n    *   Les plateformes de veille citoyenne et de vulgarisation politique.\n    *   Potentiel de désintermédiation et de connaissance directe des dossiers.\n*   **1.2. Le renforcement de la participation citoyenne et de la démocratie directe:**\n    *   Pétitions en ligne, budgets participatifs numériques, e-démocratie.\n    *   Mouvements sociaux et mobilisation citoyenne via les réseaux sociaux (Printemps Arabes, #MeToo).\n    *   Outils de consultation et de délibération en ligne (ex: Convention Citoyenne pour le Climat en France).\n*   **1.3. L'accroissement de la transparence gouvernementale et de la redevabilité:**\n    *   Plateformes de publication des données publiques, de suivi législatif.\n    *   Le rôle des lanceurs d'alerte et du journalisme d'investigation numérique.\n    *   Pression sur les gouvernements pour une meilleure communication et justification des décisions.\n\n#### Partie II: Les risques et les défis des technologies pour les fondements de la démocratie\n\n*   **2.1. La désinformation, la polarisation et la manipulation de l'opinion publique:**\n    *   Prolifération des *fake news*, des théories du complot et de la propagande étatique.\n    *   Effet des bulles de filtre et des chambres d'écho amplifiant la polarisation politique.\n    *   L'utilisation de l'IA et des algorithmes pour la micro-ciblage et la manipulation psychologique (ex: Cambridge Analytica).\n*   **2.2. L'érosion de la sphère publique délibérative et l'atomisation sociale:**\n    *   La violence des échanges en ligne, le cyberharcèlement et la \"cancel culture\" entravant le débat serein.\n    *   La primauté de l'émotion et de la réaction instantanée sur la réflexion approfondie.\n    *   Le risque de fragmentation du lien social et d'affaiblissement des corps intermédiaires.\n*   **2.3. La surveillance de masse, l'atteinte aux libertés individuelles et la concentration du pouvoir:**\n    *   Le capitalisme de surveillance et l'exploitation des données personnelles par les GAFAM.\n    *   La capacité des États à surveiller leurs citoyens (reconnaissance faciale, crédit social en Chine).\n    *   La concentration du pouvoir entre les mains d'acteurs technologiques non élus, capables d'influencer les processus démocratiques.\n\n#### Partie III: Vers une régulation éthique et politique : Défis et perspectives pour une démocratie numérique\n\n*   **3.1. L'urgence d'une éducation aux médias, à l'information et à l'esprit critique:**\n    *   Développer la citoyenneté numérique dès le plus jeune âge.\n    *   Soutenir le journalisme de qualité et les initiatives de *fact-checking*.\n    *   Promouvoir la résilience individuelle face à la désinformation.\n*   **3.2. Le développement de cadres législatifs et éthiques pour encadrer les technologies:**\n    *   Régulation des plateformes numériques (responsabilité des contenus, transparence des algorithmes).\n    *   Protection des données personnelles (ex: RGPD en Europe) et respect de la vie privée.\n    *   Définition de principes éthiques pour le développement et l'utilisation de l'IA (IA digne de confiance, explicable).\n*   **3.3. La réinvention et l'adaptation des institutions démocratiques à l'ère numérique:**\n    *   Explorer de nouvelles formes de gouvernance (démocratie liquide, démocratie participative augmentée).\n    *   Réformer les processus électoraux et les campagnes politiques pour limiter les dérives numériques.\n    *   Favoriser une collaboration entre experts technologiques, citoyens et décideurs politiques pour co-construire l'avenir démocratique numérique.\n\n### 5. Conclusion suggérée\n\nEn somme, l'intégration des technologies à la démocratie est un processus intrinsèquement ambivalent, non pas une fatalité technologique, mais un choix social et politique. L'avenir de nos démocraties dépendra de notre capacité collective à maîtriser ces outils, à en canaliser les bénéfices pour une participation éclairée, tout en jugulant activement les menaces qu'ils posent à la cohésion sociale et aux libertés fondamentales, pour bâtir une citoyenneté numérique responsable et une gouvernance plus juste.\n\n### 6. Références ou exemples possibles\n\n*   **Concepts:** Démocratie liquide, démocratie participative, surveillance, GAFAM, IA éthique, infodémie, bulles de filtre, chambres d'écho, capitalisme de surveillance.\n*   **Penseurs:** Jürgen Habermas (l'espace public), Evgeny Morozov (le solutionnisme technologique), Shoshana Zuboff (le capitalisme de surveillance), Manuel Castells (la société en réseau), Bernard Stiegler (la pharmacologie numérique).\n*   **Exemples concrets:**\n    *   **Atouts:** Budgets participatifs (Porto Alegre), plateformes d'open government (Estonie), initiatives législatives citoyennes en ligne (Islande), mouvements sociaux sur Twitter ou Facebook.\n    *   **Menaces:** Affaire Cambridge Analytica, ingérences étrangères dans les élections (USA 2016), systèmes de crédit social (Chine), montée de la désinformation lors de crises sanitaires ou politiques, cyberattaques contre des infrastructures démocratiques.\n    *   **Régulations:** Le Règlement Général sur la Protection des Données (RGPD) européen, propositions de régulation des plateformes (Digital Services Act, Digital Markets Act en Europe), travaux sur l'IA éthique par l'UNESCO ou l'UE.", "timestamp": "2026-04-23T03:45:35.141Z"}}, {"model": "Quizapp.message", "pk": 7, "fields": {"conversation": 6, "role": "user", "contenu": "ect bc besoin d'un thes", "timestamp": "2026-04-23T03:46:27.644Z"}}, {"model": "Quizapp.message", "pk": 8, "fields": {"conversation": 6, "role": "assistant", "contenu": "Voici un plan de dissertation détaillé pour le sujet proposé, interprété et reformulé pour permettre une analyse nuancée.\n\n---\n\n### **SUJET REFORMULÉ :**\n\nDans quelle mesure les cadres théoriques et conceptuels sont-ils indispensables pour appréhender la complexité du réel, structurer la pensée et guider l'action, tout en reconnaissant leurs limites et la nécessité d'une constante révision ?\n\n---\n\n### **1. Enjeu Principal :**\n\nL'enjeu principal réside dans la capacité à éviter l'empirisme aveugle et la fragmentation de la connaissance d'une part, et d'autre part le dogmatisme ou l'abstraction stérile. Il s'agit de comprendre comment les théories, en tant qu'outils d'organisation du monde, sont essentielles pour construire une compréhension cohérente du réel et développer des stratégies d'action éclairées et efficaces face à des défis toujours plus complexes, sans pour autant figer la pensée ou ignorer la singularité des phénomènes.\n\n---\n\n### **2. Thèse Proposée :**\n\nBien que parfois perçus comme abstraits ou éloignés de la pratique, les cadres théoriques et conceptuels sont *fondamentalement nécessaires* pour organiser la pensée, donner du sens aux faits, prédire des phénomènes et orienter l'action, à condition qu'ils soient constamment confrontés à la réalité empirique, ouverts à la révision critique et utilisés de manière réflexive pour éviter les écueils du réductionnisme et du dogmatisme.\n\n---\n\n### **3. Plan Détaillé :**\n\n**Introduction :**\nAccroche (ex: La surabondance d'informations à l'ère numérique rend la quête de sens plus cruciale que jamais).\nContextualisation du sujet (L'humain face à la complexité, le besoin d'outils intellectuels).\nDéfinition des termes clés (cadre théorique, conceptuel, complexité du réel).\nReformulation de la problématique.\nAnnonce de la thèse.\nAnnonce du plan.\n\n---\n\n#### **Partie I : La fonction structurante et heuristique des cadres théoriques : organiser le réel et générer la connaissance.**\n\nCette première partie explorera comment les théories sont des instruments cognitifs essentiels pour donner forme à l'information brute et rendre le monde intelligible.\n\n1.  **La réduction de la complexité et l'intelligibilité du monde :**\n    *   Les théories comme filtres et grilles de lecture permettant de sélectionner, d'organiser et de hiérarchiser les informations pertinentes parmi la multiplicité des faits.\n    *   La capacité à identifier des régularités, des patterns et des relations causales ou corrélatives là où n'apparaissait qu'un chaos apparent.\n    *   Exemple : Le concept de \"paradoxe\" en économie ou la \"structure\" en sociologie.\n\n2.  **Donner du sens et interpréter les faits au-delà de la simple description :**\n    *   Les théories transforment les données brutes en informations dotées de signification, en les reliant à des systèmes de pensée plus larges.\n    *   Elles permettent de dépasser le \"comment\" pour aborder le \"pourquoi\", offrant une profondeur d'analyse qui manque à l'observation pure.\n    *   Exemple : L'interprétation d'un événement historique via différentes écoles historiographiques (marxiste, annaliste, etc.).\n\n3.  **Générer des hypothèses, orienter la recherche et anticiper les phénomènes :**\n    *   Les cadres théoriques ne se contentent pas d'expliquer l'existant, ils sont aussi proactifs, guidant la formulation de questions de recherche et d'hypothèses testables.\n    *   Ils fournissent un cadre pour la collecte de données, évitant l'empirisme aveugle et assurant la pertinence scientifique de la démarche.\n    *   Exemple : La physique théorique prédisant l'existence de particules avant leur observation expérimentale.\n\n---\n\n#### **Partie II : Des fondements conceptuels à l'efficacité de l'action : prédire, planifier et transformer.**\n\nCette partie montrera comment la nécessité des théories s'étend au domaine de la praxis, offrant des outils indispensables pour la prise de décision et l'intervention dans le monde.\n\n1.  **Guider la décision et l'action stratégique dans des contextes complexes :**\n    *   Les théories fournissent des modèles pour comprendre les dynamiques à l'œuvre et évaluer les conséquences potentielles de différentes actions.\n    *   Elles permettent d'élaborer des stratégies éclairées, de la politique publique à la gestion d'entreprise, en passant par l'intervention sociale.\n    *   Exemple : L'utilisation de théories économiques pour élaborer des politiques monétaires ou fiscales.\n\n2.  **L'évaluation et la justification des interventions :**\n    *   Une action ne peut être efficacement évaluée que si elle s'inscrit dans un cadre théorique qui définit ses objectifs, ses mécanismes et ses indicateurs de succès.\n    *   Les théories permettent de comprendre pourquoi une intervention a réussi ou échoué, et d'ajuster les pratiques futures.\n    *   Exemple : L'évaluation de l'impact d'un programme de santé publique à travers des modèles épidémiologiques et de comportement.\n\n3.  **La capacité d'innovation et de transformation sociale :**\n    *   Les nouvelles théories peuvent non seulement expliquer le monde, mais aussi proposer de nouvelles manières de l'organiser ou de le modifier.\n    *   Elles sont souvent à l'origine de mouvements sociaux, de révolutions scientifiques ou technologiques, en fournissant des visions alternatives et des outils pour les réaliser.\n    *   Exemple : Les théories féministes ou postcoloniales qui ont inspiré et justifié des luttes pour l'égalité et la décolonisation.\n\n---\n\n#### **Partie III : Les limites, les écueils et la nécessaire réflexivité de la pensée théorique.**\n\nCette dernière partie nuancera la nécessité des théories en explorant leurs dangers inhérents et en soulignant les conditions d'une utilisation productive et éthique.\n\n1.  **Les risques de dogmatisme, de réductionnisme et d'abstraction excessive :**\n    *   Le danger que la théorie devienne une fin en soi, déconnectée de la réalité, ou qu'elle impose une vision rigide qui ignore les exceptions et la singularité.\n    *   Le réductionnisme qui simplifie à l'extrême, gommant la richesse et la complexité des phénomènes pour les faire entrer dans un cadre préétabli.\n    *   Exemple : Les \"grandes théories\" totalisantes qui tentent d'expliquer toute l'histoire humaine par un seul principe (ex: certains aspects du marxisme ou du freudisme).\n\n2.  **La confrontation nécessaire à l'empirisme et la capacité de révision :**\n    *   La théorie doit constamment être mise à l'épreuve des faits, et être capable d'évoluer, voire d'être falsifiée. La rigidité mène à l'obsolescence ou à l'erreur.\n    *   L'importance du dialogue entre la théorie et la pratique, l'expérimentation et l'observation pour enrichir et ajuster les cadres conceptuels.\n    *   Exemple : Le concept de \"falsifiabilité\" de Karl Popper ou les \"changements de paradigmes\" de Thomas Kuhn.\n\n3.  **L'importance du pluralisme théorique et de l'interdisciplinarité :**\n    *   Aucune théorie unique ne peut prétendre à une explication exhaustive de la réalité, surtout face aux défis complexes contemporains.\n    *   La nécessité d'une approche plurielle, combinant différentes perspectives théoriques et disciplines pour enrichir l'analyse et l'action.\n    *   Exemple : L'étude du changement climatique nécessitant des théories de la physique, de l'économie, de la sociologie et de la psychologie.\n\n---\n\n### **4. Conclusion Suggérée (1-2 phrases) :**\n\nEn somme, les cadres théoriques et conceptuels sont des outils intellectuels incontournables pour naviguer dans la complexité du réel et éclairer l'action, à condition qu'ils restent des instruments dynamiques, constamment affûtés par l'expérience et ouverts au dialogue critique et à la remise en question. Le \"besoin d'un thésaurus\" de la pensée n'est donc pas une invitation à un dogme, mais à une quête incessante de sens et d'intelligibilité, exigeant humilité et adaptabilité.\n\n---\n\n### **5. Références ou Exemples Possibles :**\n\n*   **Philosophie des sciences :** Karl Popper (falsifiabilité), Thomas Kuhn (paradigmes et révolutions scientifiques), Paul Feyerabend (anarchisme épistémologique).\n*   **Sociologie/Sciences Humaines :** Pierre Bourdieu (théorie de la pratique, habitus), Anthony Giddens (théorie de la structuration), Michel Foucault (analyse des discours et des savoirs-pouvoirs).\n*   **Économie :** Les théories de Keynes (intervention de l'État), les théories néoclassiques (marché autorégulateur).\n*   **Épistémologie :** La distinction entre théorie et modèle, le concept d'heuristique, le rôle des hypothèses.\n*   **Exemples concrets :**\n    *   L'élaboration de modèles climatiques pour prédire et agir sur le changement climatique.\n    *   Les théories de l'apprentissage guidant les pratiques pédagogiques.\n    *   Les cadres conceptuels en médecine pour comprendre les maladies et développer des traitements.\n    *   La cartographie conceptuelle ou les théories des réseaux sociaux pour analyser des interactions complexes.", "timestamp": "2026-04-23T03:46:50.711Z"}}, {"model": "Quizapp.message", "pk": 11, "fields": {"conversation": 14, "role": "user", "contenu": "faire un plan de dissertation pour moi", "timestamp": "2026-04-26T00:03:01.618Z"}}, {"model": "Quizapp.message", "pk": 12, "fields": {"conversation": 14, "role": "assistant", "contenu": "Excellent ! Je suis là pour ça.\n\nAbsolument, je peux vous aider à élaborer un plan de dissertation solide et bien structuré. Cependant, pour que ce plan soit pertinent et vous soit véritablement utile, j'ai besoin de quelques précisions de votre part.\n\nUn bon plan de dissertation est spécifiquement adapté au sujet à traiter. Sans le sujet, je ne peux vous donner qu'un plan générique, ce qui serait moins efficace.\n\n**Pour que je puisse vous proposer le meilleur plan possible, veuillez me fournir les informations suivantes :**\n\n1.  **Le sujet exact de votre dissertation ou la question posée.** (C'est l'élément le plus crucial !)\n    *   *Exemples :* \"La liberté est-elle une illusion ?\", \"La littérature est-elle un moyen de s'évader du réel ou de mieux le comprendre ?\", \"Faut-il toujours dire la vérité ?\", \"Le progrès technique conduit-il nécessairement au bonheur de l'humanité ?\"\n2.  **La matière concernée** (Philosophie, Littérature, Histoire, Sciences Économiques et Sociales, etc.).\n    *   Cela influence le type d'arguments attendus, les références pertinentes et les méthodes d'analyse.\n3.  **Le cadre général de l'exercice** (Est-ce pour un devoir en classe, un examen de Baccalauréat, un concours ?).\n    *   Cela peut influencer la profondeur attendue et les exigences spécifiques.\n4.  **Si vous avez déjà une première idée de problématique ou de thèse que vous souhaitez défendre.**\n    *   Même une ébauche peut m'aider à orienter le plan.\n\n**Une fois que j'aurai ces éléments, je pourrai vous proposer un plan détaillé qui inclura généralement :**\n\n*   Une proposition de **problématique** (si non fournie ou à affiner).\n*   L'**introduction** (accroche, présentation du sujet, problématique, annonce du plan).\n*   Les **grandes parties** du développement (généralement 2 ou 3), avec pour chacune :\n    *   Un titre clair.\n    *   L'idée directrice ou l'argument principal de la partie.\n    *   Des pistes de sous-parties ou d'exemples à développer.\n*   La **conclusion** (bilan, réponse à la problématique, ouverture).\n\nN'hésitez pas à me donner ces informations, je suis là pour vous guider pas à pas !", "timestamp": "2026-04-26T00:03:09.217Z"}}]